가구/인테리어,침실가구,침대,싱글침대,21170700
가구/인테리어,침실가구,침대,슈퍼싱글침대,21170500
가구/인테리어,침실가구,침대,더블침대,21170100
가구/인테리어,침실가구,침대,퀸침대,21170900
가구/인테리어,침실가구,침대,킹침대,21171200
가구/인테리어,침실가구,침대,침대프레임,21171700
가구/인테리어,침실가구,침대,이층침대,21170800
가구/인테리어,침실가구,침대,이단침대,21171800
가구/인테리어,침실가구,침대,접이식침대,21171000
가구/인테리어,침실가구,침대,돌침대,21170200
가구/인테리어,침실가구,침대,흙침대,21171500
가구/인테리어,침실가구,침대,베드벤치,21030900
가구/인테리어,침실가구,침대,패밀리침대,21171600
가구/인테리어,침실가구,침대,모션베드,21171400
가구/인테리어,침실가구,장롱/붙박이장,옷장,21130500
가구/인테리어,침실가구,장롱/붙박이장,장롱,21130200
가구/인테리어,침실가구,장롱/붙박이장,붙박이장,21130500
가구/인테리어,침실가구,장롱/붙박이장,틈새옷장,21130900
가구/인테리어,침실가구,화장대,일반화장대,21030100
가구/인테리어,침실가구,화장대,좌식화장대,21030600
가구/인테리어,침실가구,화장대,화장품정리함,21030800
가구/인테리어,침실가구,화장대,화장대의자,21030400
가구/인테리어,침실가구,거울,전신거울,21030500
가구/인테리어,침실가구,거울,탁상거울,22060700
가구/인테리어,침실가구,협탁,,21080800
가구/인테리어,침실가구,부부테이블,,21110900
가구/인테리어,침실가구,침실세트,,21130400
가구/인테리어,침실가구,서랍장,,21080100
가구/인테리어,거실가구,소파,가죽소파,21090100
가구/인테리어,거실가구,소파,인조가죽소파,21090800
가구/인테리어,거실가구,소파,패브릭소파,21091000
가구/인테리어,거실가구,소파,리클라이너소파,21090300
가구/인테리어,거실가구,소파,좌식소파,21091300
가구/인테리어,거실가구,소파,소파베드,21090600
가구/인테리어,거실가구,소파,벤치소파,21091200
가구/인테리어,거실가구,소파,흙/돌소파,21091400
가구/인테리어,거실가구,테이블,거실테이블,21020503
가구/인테리어,거실가구,테이블,사이드테이블,21020504
가구/인테리어,거실가구,TV거실장,,21020300
가구/인테리어,거실가구,장식장,,21020100
가구/인테리어,주방가구,식탁/의자,식탁세트,21110100
가구/인테리어,주방가구,식탁/의자,식탁테이블,21110600
가구/인테리어,주방가구,식탁/의자,아일랜드식탁,21110800
가구/인테리어,주방가구,식탁/의자,레인지대겸용식탁,21110500
가구/인테리어,주방가구,식탁/의자,식탁의자,21110700
가구/인테리어,주방가구,식탁/의자,아일랜드식탁의자,21111000
가구/인테리어,주방가구,레인지대,,32100700
가구/인테리어,주방가구,왜건/카트,,31131300
가구/인테리어,주방가구,주방수납장,,21140600
가구/인테리어,주방가구,그릇장/컵보드,,21140602
가구/인테리어,주방가구,기타주방가구,,21140500
가구/인테리어,수납가구,행거,,32150900
가구/인테리어,수납가구,수납장,,21100600
가구/인테리어,수납가구,선반,,32100400
가구/인테리어,수납가구,공간박스,,21100200
가구/인테리어,수납가구,나비장,,21101200
가구/인테리어,수납가구,CD/DVD장,,21100100
가구/인테리어,수납가구,신발장,,21100800
가구/인테리어,수납가구,우산꽂이,,32100600
가구/인테리어,수납가구,코너장,,21101000
가구/인테리어,수납가구,소품수납함,,21100500
가구/인테리어,서재/사무용가구,책상,h형 책상,21150200
가구/인테리어,서재/사무용가구,책상,일자형 책상,21150600
가구/인테리어,서재/사무용가구,책상,좌식책상,21150700
가구/인테리어,서재/사무용가구,책상,2인용 책상,21150100
가구/인테리어,서재/사무용가구,책상,컴퓨터책상,21151100
가구/인테리어,서재/사무용가구,책상,코너형책상,21150300
가구/인테리어,서재/사무용가구,책상,독서실책상,21150400
가구/인테리어,서재/사무용가구,책상,삼나무/원목책상,21160300
가구/인테리어,서재/사무용가구,책상,책상소품,21070201
가구/인테리어,서재/사무용가구,책상,스탠딩책상,21151300
가구/인테리어,서재/사무용가구,의자,일반의자,21050900
가구/인테리어,서재/사무용가구,의자,좌식의자,21021100
가구/인테리어,서재/사무용가구,의자,스툴,21021000
가구/인테리어,서재/사무용가구,의자,안락의자,21050100
가구/인테리어,서재/사무용가구,의자,흔들의자,21020900
가구/인테리어,서재/사무용가구,의자,간이/접이식의자,21050200
가구/인테리어,서재/사무용가구,의자,인테리어의자,21021200
가구/인테리어,서재/사무용가구,책장,,21160100
가구/인테리어,서재/사무용가구,책꽂이,,21160500
가구/인테리어,서재/사무용가구,사무/교구용가구,사무용책상,21070500
가구/인테리어,서재/사무용가구,사무/교구용가구,사무용책장,21070600
가구/인테리어,서재/사무용가구,사무/교구용가구,사무용소파,21070300
가구/인테리어,서재/사무용가구,사무/교구용가구,사무용의자,21070400
가구/인테리어,서재/사무용가구,사무/교구용가구,사무용수납가구,21070600
가구/인테리어,서재/사무용가구,사무/교구용가구,파티션,21070800
가구/인테리어,서재/사무용가구,사무/교구용가구,회의테이블,21070900
가구/인테리어,서재/사무용가구,사무/교구용가구,기타사무/교구용가구,21070100
가구/인테리어,아웃도어가구,야외테이블,,21060205
가구/인테리어,아웃도어가구,야외의자,,21060204
가구/인테리어,아웃도어가구,정원그네,,21060203
가구/인테리어,아웃도어가구,정자,,21060206
가구/인테리어,아웃도어가구,야외벤치,,21060200
가구/인테리어,아웃도어가구,기타아웃도어가구,,21060201
가구/인테리어,DIY자재/용품,목재,,21010200
가구/인테리어,DIY자재/용품,반제품,,21010400
가구/인테리어,DIY자재/용품,가구부속품,가구다리,21010105
가구/인테리어,DIY자재/용품,가구부속품,가구바퀴,21010800
가구/인테리어,DIY자재/용품,가구부속품,경첩/꺽쇠/자석철물류,21010900
가구/인테리어,DIY자재/용품,가구부속품,나사/못,21010104
가구/인테리어,DIY자재/용품,가구부속품,로프/철망,21010101
가구/인테리어,DIY자재/용품,가구부속품,서랍레일,21010103
가구/인테리어,DIY자재/용품,가구부속품,소켓/옷걸이봉,21010102
가구/인테리어,DIY자재/용품,바닥재,온돌마루,22040102
가구/인테리어,DIY자재/용품,바닥재,인조잔디,32010302
가구/인테리어,DIY자재/용품,바닥재,장판,21040703
가구/인테리어,DIY자재/용품,바닥재,필름난방,22040101
가구/인테리어,DIY자재/용품,손잡이,,32010400
가구/인테리어,DIY자재/용품,타일,스텐타일,21010309
가구/인테리어,DIY자재/용품,타일,아트타일,21010302
가구/인테리어,DIY자재/용품,타일,우드타일,21010303
가구/인테리어,DIY자재/용품,타일,유리타일,21010308
가구/인테리어,DIY자재/용품,타일,자기질타일,21010300
가구/인테리어,DIY자재/용품,타일,접착식타일,21010304
가구/인테리어,DIY자재/용품,타일,카페트타일,21010307
가구/인테리어,DIY자재/용품,타일,도기질타일,21010301
가구/인테리어,DIY자재/용품,몰딩,,21010600
가구/인테리어,DIY자재/용품,벽지,실크벽지,22040800
가구/인테리어,DIY자재/용품,벽지,뮤럴벽지,22041100
가구/인테리어,DIY자재/용품,벽지,포인트벽지,22041300
가구/인테리어,DIY자재/용품,벽지,띠벽지,22040300
가구/인테리어,DIY자재/용품,시트지,포인트시트지,22041400
가구/인테리어,DIY자재/용품,데코스티커,,21011000
가구/인테리어,DIY자재/용품,접착제/보수용품,,32010300
가구/인테리어,DIY자재/용품,리모델링,중문,21040704
가구/인테리어,DIY자재/용품,리모델링,욕실/바스,21040702
가구/인테리어,DIY자재/용품,리모델링,싱크대,21140400
가구/인테리어,DIY자재/용품,리모델링,창문/창호/새시,21040701
가구/인테리어,인테리어소품,스탠드,단스탠드,22070200
가구/인테리어,인테리어소품,스탠드,장스탠드,22070600
가구/인테리어,인테리어소품,조명,벽등,22120500
가구/인테리어,인테리어소품,조명,샹들리에,22120600
가구/인테리어,인테리어소품,조명,거실조명,22120200
가구/인테리어,인테리어소품,조명,야외조명,22120900
가구/인테리어,인테리어소품,조명,분수등,22120800
가구/인테리어,인테리어소품,조명,주방조명,22120700
가구/인테리어,인테리어소품,조명,욕실조명,22121300
가구/인테리어,인테리어소품,조명,LED모듈,22120101
가구/인테리어,인테리어소품,시계,벽시계,18090100
가구/인테리어,인테리어소품,시계,알람/탁상시계,18090500
가구/인테리어,인테리어소품,시계,스탠드시계,18090400
가구/인테리어,인테리어소품,액자,탁상용액자,18090800
가구/인테리어,인테리어소품,액자,벽걸이액자,22090300
가구/인테리어,인테리어소품,액자,파티션액자,22090800
가구/인테리어,인테리어소품,액자,캐릭터액자,22090700
가구/인테리어,인테리어소품,액자,퍼즐/그림/사진액자,22090100
가구/인테리어,인테리어소품,액자,포토보드/집게,22090301
가구/인테리어,인테리어소품,아로마/캔들용품,초/향초,22110501
가구/인테리어,인테리어소품,아로마/캔들용품,촛대/홀더,22181300
가구/인테리어,인테리어소품,아로마/캔들용품,아로마램프/오일,22110500
가구/인테리어,인테리어소품,아로마/캔들용품,아로마방향제/디퓨저,22110502
가구/인테리어,인테리어소품,아로마/캔들용품,기타아로마/캔들용품,22110503
가구/인테리어,인테리어소품,우체통,,22111200
가구/인테리어,인테리어소품,도어벨,,22111300
가구/인테리어,인테리어소품,냉장고자석,,21010901
가구/인테리어,인테리어소품,장식미니어처,,22110300
가구/인테리어,인테리어소품,화병,,22111100
가구/인테리어,인테리어소품,인테리어창문,,22111201
가구/인테리어,인테리어소품,오르골,,22110101
가구/인테리어,인테리어소품,앤틱소품,,38170200
가구/인테리어,인테리어소품,기타장식용품,,38170200
가구/인테리어,인테리어소품,미술작품,회화,38240200
가구/인테리어,인테리어소품,미술작품,판화,38240400
가구/인테리어,인테리어소품,미술작품,아트포스터,22111402
가구/인테리어,인테리어소품,미술작품,공예디자인,22111403
가구/인테리어,인테리어소품,미술작품,조각,38040500
가구/인테리어,카페트/러그,카페트,면/극세사카페트,22150100
가구/인테리어,카페트/러그,카페트,파일카페트,22151200
가구/인테리어,카페트/러그,카페트,원목/우드카페트,22150400
가구/인테리어,카페트/러그,러그,,22150300
가구/인테리어,카페트/러그,쿨매트,,22020900
가구/인테리어,카페트/러그,대자리,,22150200
가구/인테리어,카페트/러그,왕골자리,,22150800
가구/인테리어,카페트/러그,발매트,,27080400
가구/인테리어,커튼/블라인드,커튼,거실용커튼,22160101
가구/인테리어,커튼/블라인드,커튼,창문용커튼,22160800
가구/인테리어,커튼/블라인드,로만셰이드,,22160200
가구/인테리어,커튼/블라인드,블라인드,,22050400
가구/인테리어,커튼/블라인드,버티컬,,22050300
가구/인테리어,커튼/블라인드,바란스,,22160401
가구/인테리어,커튼/블라인드,캐노피,,22160900
가구/인테리어,커튼/블라인드,실커튼,,22161300
가구/인테리어,커튼/블라인드,비즈발,,22160500
가구/인테리어,커튼/블라인드,자바라,,32150601
가구/인테리어,커튼/블라인드,커튼액세서리,,22161400
가구/인테리어,커튼/블라인드,콤비블라인드,,22050900
가구/인테리어,홈데코,커버류,소파커버/패드,22190400
가구/인테리어,홈데코,커버류,에어컨커버,22190801
가구/인테리어,홈데코,커버류,피아노커버,22190800
가구/인테리어,홈데코,주방데코,식탁매트,28090200
가구/인테리어,홈데코,주방데코,의자커버,22191500
가구/인테리어,홈데코,주방데코,러너,22190500
가구/인테리어,홈데코,쿠션/방석,일반방석,22170400
가구/인테리어,홈데코,쿠션/방석,계절방석,22170401
가구/인테리어,홈데코,쿠션/방석,기능성방석,22170402
가구/인테리어,홈데코,쿠션/방석,방석커버,22170403
가구/인테리어,홈데코,쿠션/방석,일반쿠션,22170500
가구/인테리어,홈데코,쿠션/방석,기능성쿠션,22170502
가구/인테리어,홈데코,쿠션/방석,등쿠션,22170504
가구/인테리어,홈데코,쿠션/방석,대쿠션/대방석,22170100
가구/인테리어,홈데코,쿠션/방석,헤드쿠션,22170600
가구/인테리어,홈데코,쿠션/방석,목쿠션/아이필로우,22170200
가구/인테리어,홈데코,쿠션/방석,바디필로우,22020600
가구/인테리어,홈데코,쿠션/방석,팔꿈치/손목쿠션,22200001
가구/인테리어,홈데코,쿠션/방석,쿠션커버,22170503
가구/인테리어,홈데코,쿠션/방석,쿠션/방석커버세트,22200000
디지털/가전,노트북,,,46010400
디지털/가전,노트북,노트북액세서리,노트북가방/케이스,46030100
디지털/가전,노트북,노트북액세서리,노트북받침대/쿨러,46040300
디지털/가전,노트북,노트북액세서리,노트북보호필름,46060100
디지털/가전,노트북,노트북액세서리,노트북어댑터,46070400
디지털/가전,노트북,노트북액세서리,노트북용배터리,46050400
디지털/가전,노트북,노트북액세서리,노트북키스킨,46080405
디지털/가전,노트북,노트북액세서리,노트북도난방지,46080200
디지털/가전,노트북,노트북액세서리,기타노트북액세서리,46080300
디지털/가전,휴대폰액세서리,휴대폰케이스,,53220200
디지털/가전,휴대폰액세서리,휴대폰보호필름,,53140401
디지털/가전,휴대폰액세서리,휴대폰충전기,,53120500
디지털/가전,휴대폰액세서리,휴대폰배터리,,53120201
디지털/가전,휴대폰액세서리,휴대폰케이블,,53120100
디지털/가전,휴대폰액세서리,휴대폰젠더,,53210100
디지털/가전,휴대폰액세서리,휴대폰렌즈,,53080900
디지털/가전,휴대폰액세서리,휴대폰거치대,,53060100
디지털/가전,휴대폰액세서리,휴대폰줄,,53080801
디지털/가전,휴대폰액세서리,휴대폰DMB수신기,,53240000
디지털/가전,휴대폰액세서리,웨어러블 디바이스,,53230000
디지털/가전,휴대폰액세서리,휴대폰쿨링패드,,53081100
디지털/가전,휴대폰액세서리,기타휴대폰액세서리,,53080100
디지털/가전,휴대폰액세서리,짐벌,,53081200
디지털/가전,휴대폰액세서리,셀카봉,,53081000
디지털/가전,휴대폰액세서리,웨어러블 디바이스 액세서리,,53230100
디지털/가전,모니터,,,47040101
디지털/가전,영상가전,영상가전액세서리,3D입체안경,23060100
디지털/가전,영상가전,영상가전액세서리,셀렉터/분배기,50080600
디지털/가전,영상가전,영상가전액세서리,AV젠더,50161100
디지털/가전,영상가전,영상가전액세서리,AV케이블,23141000
디지털/가전,영상가전,영상가전액세서리,리모컨,23190501
디지털/가전,영상가전,영상가전액세서리,브라켓,23230500
디지털/가전,영상가전,영상가전액세서리,안테나,23060300
디지털/가전,영상가전,영상가전액세서리,TV셋톱박스,23060700
디지털/가전,영상가전,영상가전액세서리,TV카메라,23061000
디지털/가전,영상가전,영상가전액세서리,기타액세서리,23060500
디지털/가전,영상가전,프로젝터,,23230900
디지털/가전,영상가전,프로젝터주변기기,프로젝터스크린,23230400
디지털/가전,영상가전,프로젝터주변기기,기타프로젝터주변기기,23230200
디지털/가전,영상가전,디지털액자,,49090100
디지털/가전,음향가전,홈시어터,단일형홈시어터,23240300
디지털/가전,음향가전,오디오,휴대폰도킹스피커/오디오,53200101
디지털/가전,음향가전,마이크,일반마이크,23190301
디지털/가전,음향가전,마이크,무선마이크,23190300
디지털/가전,음향가전,마이크,전문가용마이크,23190302
디지털/가전,음향가전,마이크,확성기,23190400
디지털/가전,음향가전,마이크,마이크주변기기,23190304
디지털/가전,음향가전,데크,,23140900
디지털/가전,음향가전,리시버/앰프,,23150100
디지털/가전,음향가전,튜너,,38160604
디지털/가전,음향가전,턴테이블,,23150500
디지털/가전,음향가전,스피커,,50140100
디지털/가전,음향가전,스피커,블루투스스피커,23130300
디지털/가전,음향가전,스피커,스피커액세서리,23140100
디지털/가전,음향가전,라디오,,23190200
디지털/가전,음향가전,카세트플레이어,,
디지털/가전,음향가전,,일반카세트,23220400
디지털/가전,음향가전,,CD카세트,23220600
디지털/가전,음향가전,,카세트플레이어액세서리,23220700
디지털/가전,음향가전,MD플레이어,,51130000
디지털/가전,음향가전,노래반주기,,23190100
디지털/가전,음향가전,MP3,,42080500
디지털/가전,음향가전,PMP,,51050100
디지털/가전,음향가전,MP3/PMP액세서리,배터리,51040501
디지털/가전,음향가전,MP4/PMP액세서리,보호필름,51040300
디지털/가전,음향가전,MP5/PMP액세서리,충전기,51040502
디지털/가전,음향가전,MP6/PMP액세서리,케이스,51040601
디지털/가전,음향가전,MP7/PMP액세서리,기타 MP3/PMP액세서리,51040100
디지털/가전,음향가전,블루투스셋,블루투스이어폰/이어셋,53150304
디지털/가전,음향가전,블루투스셋,블루투스헤드폰/헤드셋,53150403
디지털/가전,음향가전,블루투스셋,블루투스동글,53150100
디지털/가전,음향가전,이어폰,,53200201
디지털/가전,음향가전,헤드폰,,51120300
디지털/가전,생활가전,세탁기,일반세탁기,23200400
디지털/가전,생활가전,세탁기,드럼세탁기,23100400
디지털/가전,생활가전,세탁기,미니세탁기,23200500
디지털/가전,생활가전,세탁기,세탁기부품,23260000
디지털/가전,생활가전,건조기/탈수기,의류건조기,23250200
디지털/가전,생활가전,건조기/탈수기,신발건조기,23250100
디지털/가전,생활가전,건조기/탈수기,탈수기,23250300
디지털/가전,생활가전,청소기,무선청소기,24450400
디지털/가전,생활가전,청소기,스팀청소기,24120200
디지털/가전,생활가전,청소기,로봇청소기,24070200
디지털/가전,생활가전,청소기,물걸레청소기,24440200
디지털/가전,생활가전,청소기,업소용청소기,24150300
디지털/가전,생활가전,청소기,청소기액세서리,24320100
디지털/가전,생활가전,다리미,스팀다리미,24030300
디지털/가전,생활가전,다리미,건식다리미,24030100
디지털/가전,생활가전,무전기,생활용무전기,24410100
디지털/가전,생활가전,무전기,업무용무전기,24410200
디지털/가전,생활가전,무전기,무전기액세서리,24410300
디지털/가전,생활가전,스탠드,LED스탠드,22070100
디지털/가전,생활가전,스탠드,삼파장스탠드,22071000
디지털/가전,생활가전,스탠드,오파장스탠드,22070900
디지털/가전,생활가전,스탠드,칠파장스탠드,22070800
디지털/가전,생활가전,스탠드,일반스탠드,22070700
디지털/가전,생활가전,재봉틀,,24170100
디지털/가전,생활가전,전화기,유선전화기,24270301
디지털/가전,생활가전,전화기,무선전화기,24270101
디지털/가전,생활가전,전화기,유무선전화기,24270201
디지털/가전,생활가전,구강청정기,전동칫솔,33010500
디지털/가전,생활가전,구강청정기,전동칫솔모,33010500
디지털/가전,생활가전,구강청정기,구강세정기,24330100
디지털/가전,생활가전,구강청정기,칫솔살균기,24330300
디지털/가전,생활가전,보풀제거기,,24040300
디지털/가전,생활가전,손소독기,,24230600
디지털/가전,생활가전,자외선소독기,,24230700
디지털/가전,생활가전,핸드드라이어,,32120800
디지털/가전,생활가전,연수기,,24160200
디지털/가전,생활가전,이온수기,,24160300
디지털/가전,생활가전,해충퇴치기,,25240100
디지털/가전,생활가전,업소용자외선소독기,,24130201
디지털/가전,생활가전,의류관리기,,23250500
디지털/가전,이미용가전,면도기,남성용면도기,24200100
디지털/가전,이미용가전,면도기,여성용면도기,33040900
디지털/가전,이미용가전,면도기소모품,면도날/망,33040300
디지털/가전,이미용가전,면도기소모품,세정액,24200800
디지털/가전,이미용가전,면도기소모품,기타면도기소모품,24200700
디지털/가전,이미용가전,드라이어,,24050100
디지털/가전,이미용가전,고데기,,24020100
디지털/가전,이미용가전,매직기,,24020100
디지털/가전,이미용가전,헤어롤/롤셋,,24390100
디지털/가전,이미용가전,코털제거기,,33040800
디지털/가전,이미용가전,눈썹정리기,,24110700
디지털/가전,이미용가전,손발톱정리기,,28130400
디지털/가전,이미용가전,두피케어기기,,24110800
디지털/가전,이미용가전,피부케어기기,,24110600
디지털/가전,이미용가전,제모기,,24110501
디지털/가전,이미용가전,이발기,,24110400
디지털/가전,이미용가전,이미용가전액세서리,,24110900
디지털/가전,카메라/캠코더용품,DSLR카메라,,49030100
디지털/가전,카메라/캠코더용품,미러리스디카,,49190100
디지털/가전,카메라/캠코더용품,일반디카,,49100100
디지털/가전,카메라/캠코더용품,캠코더,,49110200
디지털/가전,카메라/캠코더용품,렌즈용품,렌즈필터,49130200
디지털/가전,카메라/캠코더용품,렌즈용품,렌즈어댑터,49120401
디지털/가전,카메라/캠코더용품,렌즈용품,렌즈캡,49130100
디지털/가전,카메라/캠코더용품,렌즈용품,렌즈후드,49130300
디지털/가전,카메라/캠코더용품,렌즈용품,텔레컨버터,49140100
디지털/가전,카메라/캠코더용품,렌즈용품,렌즈/필터케이스,49130500
디지털/가전,카메라/캠코더용품,즉석카메라,즉석카메라,49240100
디지털/가전,카메라/캠코더용품,즉석카메라,즉석필름,49240300
디지털/가전,카메라/캠코더용품,필름카메라,SLR카메라,49270600
디지털/가전,카메라/캠코더용품,필름카메라,자동카메라,49270200
디지털/가전,카메라/캠코더용품,필름카메라,로모카메라,49270500
디지털/가전,카메라/캠코더용품,필름카메라,토이카메라,49270300
디지털/가전,카메라/캠코더용품,메모리카드,MicroSD메모리,49300100
디지털/가전,카메라/캠코더용품,메모리카드,XQD메모리,49290000
디지털/가전,카메라/캠코더용품,카드리더기,멀티리더기,49060600
디지털/가전,카메라/캠코더용품,카드리더기,전용리더기,49060601
디지털/가전,카메라/캠코더용품,카드리더기,메모리어댑터,49060602
디지털/가전,카메라/캠코더용품,카메라가방/케이스,배낭형케이스,49070300
디지털/가전,카메라/캠코더용품,카메라가방/케이스,방수케이스,49070200
디지털/가전,카메라/캠코더용품,삼각대/헤드,삼각대,49200100
디지털/가전,카메라/캠코더용품,삼각대/헤드,모노포드,49200400
디지털/가전,카메라/캠코더용품,삼각대/헤드,헤드,49201400
디지털/가전,카메라/캠코더용품,삼각대/헤드,플레이트/퀵슈,49201200
디지털/가전,카메라/캠코더용품,플래시/조명용품,플래시,49260100
디지털/가전,카메라/캠코더용품,플래시/조명용품,라이트,49260100
디지털/가전,카메라/캠코더용품,플래시/조명용품,조명/노출용품,49210600
디지털/가전,카메라/캠코더용품,충전기/배터리,전용호환배터리,49230100
디지털/가전,카메라/캠코더용품,LCD용품/보호필름,LCD보호필름,49050100
디지털/가전,카메라/캠코더용품,LCD용품/보호필름,LCD보호커버,49050800
디지털/가전,카메라/캠코더용품,LCD용품/보호필름,LCD후드,49130400
디지털/가전,카메라/캠코더용품,필름/관련용품,35mm필름,49270401
디지털/가전,카메라/캠코더용품,필름/관련용품,중형필름,49270402
디지털/가전,카메라/캠코더용품,필름/관련용품,암실/현상용품,49270400
디지털/가전,카메라/캠코더용품,필름/관련용품,기타필름/관련용품,49270404
디지털/가전,카메라/캠코더용품,카메라/캠코더 관련용품,리모컨/릴리즈,49050201
디지털/가전,카메라/캠코더용품,카메라/캠코더 관련용품,수평계,49280400
디지털/가전,카메라/캠코더용품,카메라/캠코더 관련용품,GPS/무선송수신,49280500
디지털/가전,카메라/캠코더용품,카메라/캠코더 관련용품,카메라/캠코더용마이크,49210403
디지털/가전,카메라/캠코더용품,카메라/캠코더 관련용품,아이피스,49280200
디지털/가전,카메라/캠코더용품,카메라/캠코더 관련용품,파인더,49180300
디지털/가전,카메라/캠코더용품,카메라/캠코더 관련용품,포커싱스크린,49280300
디지털/가전,카메라/캠코더용품,카메라/캠코더 관련용품,라이트박스,49270403
디지털/가전,카메라/캠코더용품,카메라/캠코더 관련용품,루페,49280000
디지털/가전,카메라/캠코더용품,카메라/캠코더 관련용품,소프트버튼,49280100
디지털/가전,카메라/캠코더용품,카메라/캠코더 관련용품,카메라제습용품,49280600
디지털/가전,카메라/캠코더용품,카메라/캠코더 관련용품,카메라보관함,49050600
디지털/가전,카메라/캠코더용품,액션캠,,49110200
디지털/가전,주방가전,냉장고,양문형냉장고,23160400
디지털/가전,주방가전,냉장고,일반형냉장고,23210400
디지털/가전,주방가전,냉장고,업소용냉장고,23170400
디지털/가전,주방가전,김치냉장고,업소용,23080500
디지털/가전,주방가전,냉동고,,23090300
디지털/가전,주방가전,가스레인지,일반가스레인지,24010200
디지털/가전,주방가전,가스레인지,빌트인가스레인지,24010700
디지털/가전,주방가전,가스레인지,업소용가스레인지,24010800
디지털/가전,주방가전,가스레인지후드,,24420000
디지털/가전,주방가전,전기밥솥,압력밥솥,26010600
디지털/가전,주방가전,전자레인지,,24260200
디지털/가전,주방가전,오븐,전기오븐,24220200
디지털/가전,주방가전,오븐,오븐레인지,24220800
디지털/가전,주방가전,오븐,오븐조리기,24220600
디지털/가전,주방가전,오븐,복합형오븐,24220700
디지털/가전,주방가전,인덕션,,24190100
디지털/가전,주방가전,하이라이트,,24190200
디지털/가전,주방가전,핫플레이트,,24190300
디지털/가전,주방가전,식기세척/건조기,식기세척기,24140200
디지털/가전,주방가전,식기세척/건조기,식기건조기,24130100
디지털/가전,주방가전,식기세척/건조기,업소용식기세척기,24140400
디지털/가전,주방가전,식기세척/건조기,업소용식기건조기,24130202
디지털/가전,주방가전,식기세척/건조기,과일야채세척기,24310100
디지털/가전,주방가전,전기포트,무선포트,24240100
디지털/가전,주방가전,전기포트,라면포트,24240900
디지털/가전,주방가전,전기포트,보온포트,24241000
디지털/가전,주방가전,전기포트,유선포트,24241100
디지털/가전,주방가전,전기포트,전기물통,24241200
디지털/가전,주방가전,정수기,냉정수기,24280100
디지털/가전,주방가전,정수기,냉온정수기,24280200
디지털/가전,주방가전,정수기,냉온수기,24280300
디지털/가전,주방가전,정수기,미니정수기,24280400
디지털/가전,주방가전,정수기,정수기필터,24280500
디지털/가전,주방가전,정수기,기타정수기주변기기,24280600
디지털/가전,주방가전,커피머신,에스프레소머신,24340100
디지털/가전,주방가전,커피머신,업소용에스프레소머신,24340500
디지털/가전,주방가전,커피머신,캡슐/POD머신,24340200
디지털/가전,주방가전,커피머신,커피머신부속품,24340300
디지털/가전,주방가전,토스터기,팝업토스터기,24360100
디지털/가전,주방가전,토스터기,오븐토스터기,24360500
디지털/가전,주방가전,진공포장기,,24310300
디지털/가전,주방가전,음식물처리기,,24310200
디지털/가전,주방가전,커피메이커,,24350100
디지털/가전,주방가전,커피자판기,,24430200
디지털/가전,주방가전,제빵기,,24400800
디지털/가전,주방가전,거품/반죽기,,26091200
디지털/가전,주방가전,전기그릴,,24180100
디지털/가전,주방가전,생선그릴,,24180200
디지털/가전,주방가전,쥬서기/녹즙기,,24290100
디지털/가전,주방가전,믹서기,,24090100
디지털/가전,주방가전,빙수기,,24100300
디지털/가전,주방가전,분쇄기,,
디지털/가전,주방가전,요구르트제조기,,24400500
디지털/가전,주방가전,두부두유제조기,,24400200
디지털/가전,주방가전,식품건조기,,24400400
디지털/가전,주방가전,홍삼제조기,,24401000
디지털/가전,주방가전,아이스크림제조기,,24100400
디지털/가전,주방가전,튀김기,,24400600
디지털/가전,주방가전,전기팬,,26140500
디지털/가전,주방가전,죽제조기,,24401700
디지털/가전,주방가전,샌드위치제조기,,24400300
디지털/가전,주방가전,와플제조기,,24401100
디지털/가전,주방가전,탄산수제조기,,24400900
디지털/가전,주방가전,업소용튀김기,,24400600
디지털/가전,주방가전,업소용음식물처리기,,24310200
디지털/가전,주방가전,업소용믹서기,,24090800
디지털/가전,주방가전,업소용진공포장기,,24310300
디지털/가전,주방가전,업소용빙수기,,24100300
디지털/가전,주방가전,업소용거품/반죽기,,24401300
디지털/가전,주방가전,에어프라이어,,24430000
디지털/가전,주방가전,기타주방가전부속품,,24430100
디지털/가전,자동차기기,블랙박스/액세서리,블랙박스,42060100
디지털/가전,자동차기기,블랙박스/액세서리,블랙박스액세서리,42070500
디지털/가전,자동차기기,내비게이션/액세서리,내비게이션,42020200
디지털/가전,자동차기기,내비게이션/액세서리,내비게이션액세서리,42030300
디지털/가전,자동차기기,내비게이션/액세서리,HUD,42030800
디지털/가전,자동차기기,하이패스/GPS,하이패스,42140300
디지털/가전,자동차기기,하이패스/GPS,차량용GPS,42140100
디지털/가전,자동차기기,하이패스/GPS,하이패스액세서리,42140400
디지털/가전,자동차기기,전방/후방카메라,후방카메라,42150400
디지털/가전,자동차기기,전방/후방카메라,후방감지기,42150300
디지털/가전,자동차기기,전방/후방카메라,전방카메라,42150600
디지털/가전,자동차기기,전방/후방카메라,전방감지기,42150700
디지털/가전,자동차기기,전방/후방카메라,이동식카메라감지기,42150800
디지털/가전,자동차기기,자동차TV/모니터,인대쉬형,42080302
디지털/가전,자동차기기,자동차TV/모니터,거치형,42080303
디지털/가전,자동차기기,자동차TV/모니터,천장형,42080304
디지털/가전,자동차기기,자동차TV/모니터,헤드레스트형,42080301
디지털/가전,자동차기기,자동차TV/모니터,기타차량용TV/모니터,42080300
디지털/가전,자동차기기,카오디오음향기기,,42100300
디지털/가전,자동차기기,카팩,,42130101
디지털/가전,자동차기기,헤드유닛,,42110304
디지털/가전,자동차기기,방음/방진용품,,42050300
디지털/가전,계절가전,전기매트/장판,황토매트,25180500
디지털/가전,계절가전,전기매트/장판,카페트매트,25180300
디지털/가전,계절가전,전기매트/장판,옥매트,25180100
디지털/가전,계절가전,전기매트/장판,전기장판,25210100
디지털/가전,계절가전,전기요/담요/방석,전기방석,25190100
디지털/가전,계절가전,전기요/담요/방석,전기요,25200100
디지털/가전,계절가전,온풍기,전기온풍기,25160200
디지털/가전,계절가전,온풍기,가스온풍기,25160600
디지털/가전,계절가전,온풍기,석유온풍기,25160700
디지털/가전,계절가전,온풍기,돈풍기,25260000
디지털/가전,계절가전,보일러,가스보일러,25090100
디지털/가전,계절가전,보일러,석유보일러,25090200
디지털/가전,계절가전,보일러,전기보일러,25090400
디지털/가전,계절가전,보일러,연탄/화목보일러,25090300
디지털/가전,계절가전,보일러,보일러부품,25090500
디지털/가전,계절가전,온수기,전기온수기,25150200
디지털/가전,계절가전,온수기,가스온수기,25150100
디지털/가전,계절가전,에어커튼,,25040400
디지털/가전,계절가전,업소용냉온풍기,,25040600
디지털/가전,계절가전,라디에이터,,25050300
디지털/가전,계절가전,컨벡터,,25290000
디지털/가전,계절가전,에어컨,스탠드형에어컨,25120200
디지털/가전,계절가전,에어컨,벽걸이형에어컨,25080200
디지털/가전,계절가전,에어컨,창문형에어컨,25170200
디지털/가전,계절가전,에어컨,업소형에어컨,25130200
디지털/가전,계절가전,에어컨,이동식에어컨,25170100
디지털/가전,계절가전,에어컨,천장형에어컨,25070200
디지털/가전,계절가전,제습기,일반용제습기,25230200
디지털/가전,계절가전,냉온풍기,,25040600
디지털/가전,계절가전,가습기,자연식가습기,25020600
디지털/가전,계절가전,가습기,가열식가습기,25020100
디지털/가전,계절가전,가습기,초음파식가습기,25020300
디지털/가전,계절가전,가습기,복합식가습기,25020200
디지털/가전,계절가전,가습기,가습기필터,25020400
디지털/가전,계절가전,가습기,USB가습기,25020500
디지털/가전,계절가전,공기정화기,공기청정기,25030200
디지털/가전,계절가전,공기정화기,산림욕기,25270000
디지털/가전,계절가전,공기정화기,환풍기,24230500
디지털/가전,계절가전,공기정화기,에어워셔,25140200
디지털/가전,계절가전,냉풍기,업소용냉풍기,25040500
디지털/가전,계절가전,선풍기,스탠드형선풍기,25110400
디지털/가전,계절가전,선풍기,벽걸이형선풍기,25110200
디지털/가전,계절가전,선풍기,탁상형선풍기,25110700
디지털/가전,계절가전,선풍기,타워형선풍기,25110600
디지털/가전,계절가전,선풍기,천장형선풍기,25110900
디지털/가전,계절가전,선풍기,휴대용선풍기,25111000
디지털/가전,계절가전,선풍기,업소용선풍기,25110500
디지털/가전,계절가전,선풍기,선풍기부속품,25110300
디지털/가전,계절가전,선풍기,서큘레이터,25110800
디지털/가전,계절가전,에어컨주변기기,에어컨 리모콘,25250200
디지털/가전,계절가전,에어컨주변기기,에어컨 실외기,25250100
디지털/가전,계절가전,에어컨주변기기,기타액세서리,25250000
디지털/가전,계절가전,온수매트,,25180200
디지털/가전,계절가전,히터,전기히터,25220300
디지털/가전,계절가전,히터,석유히터,25100200
디지털/가전,계절가전,히터,가스히터,25010200
디지털/가전,계절가전,히터,연탄/화목난로,31140100
디지털/가전,게임기/타이틀,휴대용게임기,,48090100
디지털/가전,게임기/타이틀,게임기주변기기,조이스틱/컨트롤러,48070602
디지털/가전,게임기/타이틀,게임기주변기기,보호필름/스킨,48070504
디지털/가전,게임기/타이틀,게임기주변기기,충전기기,48070601
디지털/가전,게임기/타이틀,게임기주변기기,기타주변기기,48070600
디지털/가전,PC액세서리,USB액세서리,USB허브,50120301
디지털/가전,PC액세서리,USB액세서리,USB라이트,50120204
디지털/가전,PC액세서리,USB액세서리,USB잠금장치,50120203
디지털/가전,PC액세서리,USB액세서리,USB청소기,50120202
디지털/가전,PC액세서리,USB액세서리,USB토이,50120201
디지털/가전,PC액세서리,USB액세서리,기타USB액세서리,50120200
디지털/가전,PC액세서리,마우스패드,,50120401
디지털/가전,PC액세서리,손목받침대,,50120402
디지털/가전,PC액세서리,보안기,,50110400
디지털/가전,PC액세서리,PC받침대,,50120602
디지털/가전,PC액세서리,키보드키스킨/스티커,,50121100
디지털/가전,PC액세서리,클리너,,50120900
디지털/가전,PC액세서리,케이블타이/정리함,,50120801
디지털/가전,PC액세서리,기타PC액세서리,,50120100
디지털/가전,태블릿PC,,,51080200
디지털/가전,태블릿PC액세서리,케이스/파우치,,51110200
디지털/가전,태블릿PC액세서리,터치펜/기타,,53080600
디지털/가전,모니터주변기기,모니터받침대,,50110301
디지털/가전,모니터주변기기,모니터브라켓,,50110201
디지털/가전,모니터주변기기,모니터암,,50110202
디지털/가전,주변기기,마우스,무선마우스,50090300
디지털/가전,주변기기,마우스,유선마우스,50090600
디지털/가전,주변기기,마우스,트랙볼마우스,50090400
디지털/가전,주변기기,마우스,프리젠터,50200400
디지털/가전,주변기기,키보드,무선키보드,50190100
디지털/가전,주변기기,키보드,유선키보드,50190301
디지털/가전,주변기기,키보드,키패드,50190302
디지털/가전,주변기기,키보드/마우스세트,,50190401
디지털/가전,주변기기,태블릿/액세서리,태블릿,50200300
디지털/가전,주변기기,복합기,잉크젯복합기,47160200
디지털/가전,주변기기,복합기,컬러레이저복합기,48070200
디지털/가전,주변기기,프린터,잉크젯프린터,47180200
디지털/가전,주변기기,프린터,레이저프린터,47090200
디지털/가전,주변기기,프린터,포토프린터,47230300
디지털/가전,주변기기,프린터,도트프린터,47060200
디지털/가전,주변기기,프린터,라벨프린터,47060300
디지털/가전,주변기기,프린터,바코드프린터,47060400
디지털/가전,주변기기,프린터,플로터,47060500
디지털/가전,주변기기,프린터,3D프린터,47240000
디지털/가전,주변기기,복합기/프린터소모품,토너,47130300
디지털/가전,주변기기,스캐너,명함스캐너,47150200
디지털/가전,주변기기,스캐너,바코드스캐너,47150300
디지털/가전,주변기기,스캐너,양면스캐너,47150400
디지털/가전,주변기기,스캐너,펜스캐너,47150500
디지털/가전,주변기기,스캐너,평판스캐너,47150600
디지털/가전,주변기기,스캐너,필름스캐너,47150700
디지털/가전,멀티미디어장비,Divx플레이어,,52020200
디지털/가전,멀티미디어장비,DVR,DVR본체,52150100
디지털/가전,멀티미디어장비,DVR,DVR카드,52150000
디지털/가전,멀티미디어장비,DVR,DVR패키지,52150200
디지털/가전,멀티미디어장비,PC마이크,,50220100
디지털/가전,멀티미디어장비,PC스피커,2.1채널,50140100
디지털/가전,멀티미디어장비,PC스피커,5.1채널,50140200
디지털/가전,멀티미디어장비,휴대용스피커,,51070500
디지털/가전,멀티미디어장비,웹캠,,50020400
디지털/가전,멀티미디어장비,PC헤드셋,,50220500
디지털/가전,저장장치,외장HDD,,52080101
디지털/가전,저장장치,외장SSD,,52080101
디지털/가전,저장장치,NAS,,52050202
디지털/가전,저장장치,USB메모리,,52030100
디지털/가전,저장장치,HDD,,52070100
디지털/가전,저장장치,SSD,,52040101
디지털/가전,저장장치,ODD,CD/DVD콤보,52010600
디지털/가전,저장장치,ODD,CD-ROM,52010100
디지털/가전,저장장치,ODD,CD레코더,52010500
디지털/가전,저장장치,ODD,DVD-ROM,52010200
디지털/가전,저장장치,ODD,DVD레코더,52010400
디지털/가전,저장장치,ODD,블루레이,52010300
디지털/가전,광학기기/용품,망원경,,38100200
디지털/가전,광학기기/용품,쌍안경,,38100100
디지털/가전,광학기기/용품,천체망원경,,38100300
디지털/가전,광학기기/용품,현미경,,38100400
스포츠/레저,등산,등산화,,31080100
스포츠/레저,등산,등산가방,,31050200
스포츠/레저,등산,등산장비,아이젠,31070900
스포츠/레저,등산,등산장비,스패츠,31060601
스포츠/레저,등산,등산장비,나침반,31070100
스포츠/레저,등산,등산장비,로프,31071002
스포츠/레저,등산,등산장비,GPS,31071200
스포츠/레저,등산,등산장비,스틱,31070400
스포츠/레저,등산,등산장비,카라비너,31071006
스포츠/레저,등산,등산장비,손난로,31071101
스포츠/레저,등산,등산장비,핫팩,31071102
스포츠/레저,등산,등산잡화,모자,31090300
스포츠/레저,등산,등산잡화,장갑,31060500
스포츠/레저,등산,등산잡화,양말,31060400
스포츠/레저,캠핑,텐트,1-2인용,31150800
스포츠/레저,캠핑,텐트,2-3인용,31151200
스포츠/레저,캠핑,텐트,3-4인용,31150900
스포츠/레저,캠핑,텐트,4-5인용,31151300
스포츠/레저,캠핑,텐트,5-6인용,31151400
스포츠/레저,캠핑,텐트,6-7인용,31151700
스포츠/레저,캠핑,텐트,7-8인용,31151000
스포츠/레저,캠핑,텐트,9인용 이상,31151500
스포츠/레저,캠핑,타프,,31151600
스포츠/레저,캠핑,텐트/타프용품,방수포/그라운드시트,31151601
스포츠/레저,캠핑,텐트/타프용품,폴대,31151603
스포츠/레저,캠핑,텐트/타프용품,스트링/로프,31151602
스포츠/레저,캠핑,텐트/타프용품,기타텐트/타프용품,31151600
스포츠/레저,캠핑,천막,,45041000
스포츠/레저,캠핑,침낭,,31130401
스포츠/레저,캠핑,캠핑매트,,31130700
스포츠/레저,캠핑,랜턴,손전등,31070501
스포츠/레저,캠핑,랜턴,실내등,31140102
스포츠/레저,캠핑,랜턴,헤드랜턴,31070502
스포츠/레저,캠핑,랜턴,랜턴걸이/스탠드,31140101
스포츠/레저,캠핑,취사용품,코펠,31120500
스포츠/레저,캠핑,취사용품,버너,31120200
스포츠/레저,캠핑,취사용품,바비큐그릴/화로대,24180700
스포츠/레저,캠핑,취사용품,캠핑컵,31120502
스포츠/레저,캠핑,취사용품,캠핑주전자,31120700
스포츠/레저,캠핑,취사용품,다용도칼,31070200
스포츠/레저,캠핑,취사용품,수저/커트러리,31120501
스포츠/레저,캠핑,취사용품,설거지용품,31120600
스포츠/레저,캠핑,취사용품,연료,31120300
스포츠/레저,캠핑,취사용품,부탄가스,31120302
스포츠/레저,캠핑,취사용품,기타취사용품,31120400
스포츠/레저,캠핑,캠핑가구,캠핑테이블,31130900
스포츠/레저,캠핑,캠핑가구,캠핑의자,31130300
스포츠/레저,캠핑,캠핑가구,캠핑박스,31131200
스포츠/레저,캠핑,캠핑가구,파라솔,21060202
스포츠/레저,캠핑,캠핑가구,야전침대,31130201
스포츠/레저,캠핑,캠핑가구,해먹,31130200
스포츠/레저,캠핑,캠핑왜건,,31131300
스포츠/레저,캠핑,아이스박스,,31140300
스포츠/레저,캠핑,기타캠핑용품,,31130800
스포츠/레저,골프,골프클럽,드라이버,40080100
스포츠/레저,골프,골프클럽,페어웨이우드,40180100
스포츠/레저,골프,골프클럽,아이언,40211200
스포츠/레저,골프,골프클럽,하이브리드/유틸리티,40130100
스포츠/레저,골프,골프클럽,웨지,40160203
스포츠/레저,골프,골프클럽,치퍼,40160500
스포츠/레저,골프,골프클럽,퍼터,40170200
스포츠/레저,골프,골프클럽,연습용클럽,40160600
스포츠/레저,골프,골프클럽,주니어용클럽,40160300
스포츠/레저,골프,골프클럽,풀세트,40190100
스포츠/레저,골프,골프백,보스턴백,40030300
스포츠/레저,골프,골프백,캐디백,40030603
스포츠/레저,골프,골프백,하프백,40030700
스포츠/레저,골프,골프백,항공커버,40030800
스포츠/레저,골프,골프연습용품,퍼팅용품,40110900
스포츠/레저,골프,골프필드용품,거리측정기,40210102
스포츠/레저,골프,골프필드용품,레인코트,54201000
스포츠/레저,골프,골프필드용품,골프티,40210400
스포츠/레저,골프,골프필드용품,그립,40200100
스포츠/레저,골프,골프필드용품,헤드커버,40211200
스포츠/레저,골프,골프화,,40070100
스포츠/레저,골프,골프공,,40230000
스포츠/레저,골프,로스트볼,,40010600
스포츠/레저,골프,파크골프,파크골프클럽,40220100
스포츠/레저,골프,파크골프,파크골프공,40220000
스포츠/레저,골프,파크골프,파크골프용품,40220200
스포츠/레저,자전거,자전거/MTB,MTB,39160100
스포츠/레저,자전거,자전거/MTB,유사MTB,39160101
스포츠/레저,자전거,자전거/MTB,미니벨로,39160200
스포츠/레저,자전거,자전거/MTB,사이클,39160801
스포츠/레저,자전거,자전거/MTB,하이브리드,39160800
스포츠/레저,자전거,자전거부품,바엔드/그립,39172001
스포츠/레저,자전거,자전거부품,브레이크,39170501
스포츠/레저,자전거,자전거부품,스탠드,39171400
스포츠/레저,자전거,자전거부품,시트포스트,39170701
스포츠/레저,자전거,자전거부품,안장,39170700
스포츠/레저,자전거,자전거부품,체인,39171800
스포츠/레저,자전거,자전거부품,클릿/페달,39171801
스포츠/레저,자전거,자전거부품,타이어/튜브,39172200
스포츠/레저,자전거,자전거부품,프레임/포크,39171902
스포츠/레저,자전거,자전거부품,핸들바,39172000
스포츠/레저,자전거,자전거부품,휠셋/림/스프라켓,39172201
스포츠/레저,자전거,자전거용품,거치대,39170200
스포츠/레저,자전거,자전거용품,공구,39171700
스포츠/레저,자전거,자전거용품,물통,39170400
스포츠/레저,자전거,자전거용품,케이지,39170401
스포츠/레저,자전거,자전거용품,백미러,39172002
스포츠/레저,자전거,자전거용품,벨,39170600
스포츠/레저,자전거,자전거용품,보조바퀴,39170900
스포츠/레저,자전거,자전거용품,속도계,39172300
스포츠/레저,자전거,자전거용품,자물쇠,39171000
스포츠/레저,자전거,자전거용품,자전거라이트,39172005
스포츠/레저,자전거,자전거용품,짐받이,39171300
스포츠/레저,자전거,자전거용품,펌프,39171701
스포츠/레저,자전거,자전거용품,헬멧,39172101
스포츠/레저,자전거,자전거용품,흙받이,39172400
스포츠/레저,자전거,자전거용품,기타자전거용품,39171100
스포츠/레저,스키/보드,스키/보드방한용품,귀마개,31091200
스포츠/레저,스키/보드,스키/보드방한용품,반다나,31090401
스포츠/레저,스키/보드,스키/보드방한용품,비니,31090300
스포츠/레저,스키/보드,스키/보드방한용품,양말,31090600
스포츠/레저,스키/보드,스키/보드방한용품,장갑,31090900
스포츠/레저,스키/보드,스노보드장비,데크,31100200
스포츠/레저,스키/보드,스노보드장비,바인딩,31100300
스포츠/레저,스키/보드,스노보드장비,부츠,31100400
스포츠/레저,스키/보드,스노보드장비,스노보드세트,31100500
스포츠/레저,스키/보드,스키장비,부츠,31100600
스포츠/레저,스키/보드,스키장비,폴,31100900
스포츠/레저,스키/보드,스키장비,플레이트,31100800
스포츠/레저,스키/보드,스키장비,스키세트,31100700
스포츠/레저,스키/보드,스키/보드용품,고글,31090200
스포츠/레저,스키/보드,스키/보드용품,보드가방,31090100
스포츠/레저,스키/보드,스키/보드용품,보호대,31090700
스포츠/레저,스키/보드,스키/보드용품,스티커용품,31090800
스포츠/레저,스키/보드,스키/보드용품,헬멧,31091100
스포츠/레저,낚시,낚싯대,민물낚싯대,31030204
스포츠/레저,낚시,낚싯대,민물루어낚싯대,31030302
스포츠/레저,낚시,낚싯대,바다민장대,31030407
스포츠/레저,낚시,낚싯대,플라이낚싯대,31030700
스포츠/레저,낚시,낚싯대,바다루어낚싯대,31030500
스포츠/레저,낚시,낚싯대,바다원투낚싯대,31030411
스포츠/레저,낚시,낚싯대,바다선상낚싯대,31030413
스포츠/레저,낚시,루어낚시,하드베이트,31030509
스포츠/레저,낚시,루어낚시,소프트베이트,31030508
스포츠/레저,낚시,루어낚시,루어가방,31030300
스포츠/레저,낚시,민물낚시,받침대/받침틀/뒤꽂이,31030605
스포츠/레저,낚시,낚시용품,낚시의자,31010600
스포츠/레저,낚시,낚시용품,낚시텐트,31010601
스포츠/레저,낚시,낚시용품,밑밥주걱,31011000
스포츠/레저,낚시,낚시용품,밑밥통/살림통,31011001
스포츠/레저,낚시,낚시용품,두레박,31010207
스포츠/레저,낚시,낚시용품,케미/집어등,31011500
스포츠/레저,낚시,낚시용품,뜰채/망/꿰미,31010802
스포츠/레저,낚시,낚시용품,가프,31011800
스포츠/레저,낚시,낚시용품,기포기,31010100
스포츠/레저,낚시,낚시용품,어군탐지기,31010103
스포츠/레저,낚시,낚시공구,플라이어/니퍼,31011400
스포츠/레저,낚시,낚시공구,낚시칼,31011600
스포츠/레저,낚시,낚시공구,기타낚시공구,31010400
스포츠/레저,낚시,낚시공구,바늘결속기,31010102
스포츠/레저,수영,수영용품,수경,39110500
스포츠/레저,수영,수영용품,튜브,39111300
스포츠/레저,수영,수영용품,구명조끼,43060100
스포츠/레저,수영,수영용품,방수팩,39110200
스포츠/레저,수영,수영용품,수영가방,39110800
스포츠/레저,수영,수영용품,보트,43060700
스포츠/레저,수영,수영용품,스노클/마스크,39120400
스포츠/레저,수영,수영용품,오리발,39111400
스포츠/레저,헬스,러닝머신,접이식,39250300
스포츠/레저,헬스,러닝머신,고정식,39250303
스포츠/레저,헬스,웨이트기구,바벨,39250907
스포츠/레저,헬스,웨이트기구,스쿼트머신,39250908
스포츠/레저,헬스,헬스소품,폼롤러,39040700
스포츠/레저,헬스,헬스소품,짐볼/돔볼,39040300
스포츠/레저,헬스,헬스소품,푸시업바,39250905
스포츠/레저,헬스,헬스소품,헬스장갑,39270800
스포츠/레저,헬스,헬스소품,모래주머니,39270200
스포츠/레저,헬스,헬스소품,악력기,39271000
스포츠/레저,헬스,헬스소품,완력기,39270300
스포츠/레저,헬스,헬스소품,기타헬스소품,39270700
스포츠/레저,헬스,진동운동기,,39250401
스포츠/레저,헬스,복근운동기구,,39250501
스포츠/레저,헬스,거꾸리,,39250200
스포츠/레저,헬스,벨트마사지,,39250400
스포츠/레저,헬스,승마운동기,,39250700
스포츠/레저,헬스,로잉머신,,39251300
스포츠/레저,헬스,아령/덤벨,,39250904
스포츠/레저,헬스,줄넘기,,39270400
스포츠/레저,헬스,훌라후프,,39270900
스포츠/레저,헬스,일립티컬,,39251200
스포츠/레저,헬스,트위스트,,39250910
스포츠/레저,헬스,케틀벨,,39250909
스포츠/레저,요가/필라테스,요가매트,,39040500
스포츠/레저,요가/필라테스,요가링/필라테스링,,39040600
스포츠/레저,요가/필라테스,필라테스,,39040800
스포츠/레저,인라인스케이트,주니어,,39150300
스포츠/레저,인라인스케이트,성인용,,39150200
스포츠/레저,인라인스케이트,인라인용품,,39150100
스포츠/레저,스케이트/보드/롤러,스케이트보드,,39210100
스포츠/레저,스케이트/보드/롤러,스네이크보드,,39210102
스포츠/레저,스케이트/보드/롤러,롤러슈즈,,39150600
스포츠/레저,스케이트/보드/롤러,킥보드,,39210100
스포츠/레저,스케이트/보드/롤러,트라이스키,,39210201
스포츠/레저,스케이트/보드/롤러,스케이트보드용품,,39210300
스포츠/레저,스케이트/보드/롤러,핑거보드,,39210101
스포츠/레저,오토바이/스쿠터,오토바이,,41060800
스포츠/레저,오토바이/스쿠터,오토바이용품,헬멧,41060604
스포츠/레저,오토바이/스쿠터,오토바이용품,보호대,41060602
스포츠/레저,오토바이/스쿠터,오토바이용품,기타오토바이용품,41060404
스포츠/레저,오토바이/스쿠터,오토바이부품,잠금장치,41060409
스포츠/레저,오토바이/스쿠터,오토바이부품,튜닝용품,41060305
스포츠/레저,오토바이/스쿠터,오토바이부품,기타오토바이부품,41060200
스포츠/레저,오토바이/스쿠터,전동휠,,41061100
스포츠/레저,오토바이/스쿠터,스쿠터,일반스쿠터,41061200
스포츠/레저,오토바이/스쿠터,스쿠터,전동스쿠터,41061201
스포츠/레저,축구,축구화,,39200100
스포츠/레저,축구,풋살화,,39200900
스포츠/레저,축구,축구공,,39190702
스포츠/레저,축구,축구가방,슈즈백,39190500
스포츠/레저,축구,축구장갑,,39190100
스포츠/레저,축구,축구보호대,,39190300
스포츠/레저,축구,축구양말,,39190800
스포츠/레저,축구,기타축구용품,,39190900
스포츠/레저,축구,축구의류,,39191000
스포츠/레저,야구,포수장비,,39141500
스포츠/레저,야구,야구보호대,,39140200
스포츠/레저,야구,야구공,,39140600
스포츠/레저,야구,야구가방,,39140500
스포츠/레저,야구,기타야구용품,,39140900
스포츠/레저,야구,글러브,,39140113
스포츠/레저,야구,헬멧,,39141201
스포츠/레저,야구,야구화,,39141001
스포츠/레저,야구,야구배트,,39140800
스포츠/레저,야구,야구의류,,39141100
스포츠/레저,농구,농구화,,39030600
스포츠/레저,농구,농구대,,39030400
스포츠/레저,농구,농구공,,39030302
스포츠/레저,농구,농구공가방,,39030200
스포츠/레저,농구,기타농구용품,,39030100
스포츠/레저,농구,농구의류,,39030500
스포츠/레저,배구,배구공,,39030700
스포츠/레저,배구,배구네트,,39031000
스포츠/레저,배구,배구화,,39030800
스포츠/레저,배구,기타배구용품,,39031300
스포츠/레저,배구,배구의류,,39030900
스포츠/레저,탁구,탁구라켓,,39220400
스포츠/레저,탁구,탁구공,,39220200
스포츠/레저,탁구,탁구화,,39220600
스포츠/레저,탁구,탁구대,,39220300
스포츠/레저,탁구,기타탁구용품,,39220500
스포츠/레저,탁구,탁구의류,,39220000
스포츠/레저,배드민턴,배드민턴라켓,,39080301
스포츠/레저,배드민턴,배드민턴화,,39080700
스포츠/레저,배드민턴,배드민턴가방,,39080200
스포츠/레저,배드민턴,셔틀콕,,39080500
스포츠/레저,배드민턴,스트링,,39080900
스포츠/레저,배드민턴,그립,,39080100
스포츠/레저,배드민턴,배드민턴네트,,39080600
스포츠/레저,배드민턴,연습용품,,39080800
스포츠/레저,배드민턴,기타배드민턴용품,,39080400
스포츠/레저,배드민턴,배드민턴의류,,39060300
스포츠/레저,테니스,테니스라켓,,39230600
스포츠/레저,테니스,테니스공,,39230500
스포츠/레저,테니스,테니스가방,,39230401
스포츠/레저,테니스,그립,,39230800
스포츠/레저,테니스,기타테니스용품,,39230300
스포츠/레저,테니스,테니스의류,,39060100
스포츠/레저,스쿼시,스쿼시라켓,,39230200
스포츠/레저,스쿼시,스쿼시공,,39230700
스포츠/레저,스쿼시,기타스쿼시용품,,39230900
스포츠/레저,족구,족구공,,39330300
스포츠/레저,족구,족구네트,,39191200
스포츠/레저,족구,족구의류,,39330100
스포츠/레저,족구,기타족구용품,,39330000
스포츠/레저,볼링,볼링공,,39090200
스포츠/레저,볼링,볼링용품,,39090300
스포츠/레저,볼링,볼링화,,39090401
스포츠/레저,볼링,아대,,39090500
스포츠/레저,볼링,볼링가방,,39090100
스포츠/레저,볼링,볼링의류,,39090400
스포츠/레저,스킨스쿠버,부력재킷,,39080800
스포츠/레저,스킨스쿠버,게이지,,39120100
스포츠/레저,스킨스쿠버,리트렉터,,39120900
스포츠/레저,스킨스쿠버,수중전등,,39120200
스포츠/레저,스킨스쿠버,옥토퍼스,,39121500
스포츠/레저,스킨스쿠버,호스,,39121600
스포츠/레저,스킨스쿠버,기타스킨스쿠버용품,,39120600
스포츠/레저,검도,죽도,,39020104
스포츠/레저,검도,죽도집/부속품,,39020105
스포츠/레저,검도,타격대,,39020103
스포츠/레저,검도,도복,,39020101
스포츠/레저,검도,기타검도용품,,39020100
스포츠/레저,검도,검도보호용품,,39020102
스포츠/레저,권투,글러브,,39020300
스포츠/레저,권투,미트,,39021300
스포츠/레저,권투,샌드백,,39020400
스포츠/레저,권투,핸드랩,,39020700
스포츠/레저,보호용품,마우스피스,,39020200
스포츠/레저,보호용품,머리보호대,,39280100
스포츠/레저,보호용품,급소보호대,,39281100
스포츠/레저,보호용품,몸통보호대,,39280200
스포츠/레저,보호용품,배보호대,,39281000
스포츠/레저,보호용품,팔보호대,,39280800
스포츠/레저,보호용품,손목보호대,,39280500
스포츠/레저,보호용품,다리보호대,,39280000
스포츠/레저,보호용품,무릎보호대,,39280300
스포츠/레저,보호용품,발목보호대,,39280400
스포츠/레저,보호용품,허리보호대,,39280700
스포츠/레저,보호용품,어깨보호대,,39280600
스포츠/레저,무술용품,목검/가검,,39020801
스포츠/레저,무술용품,봉/곤/창,,39020800
스포츠/레저,무술용품,기타무술용품,,39020802
스포츠/레저,수련용품,수련화,,39021100
스포츠/레저,수련용품,띠/벨트,,39021000
스포츠/레저,수련용품,격파용품,,39020900
스포츠/레저,스포츠액세서리,스코어보드/작전판,,39190905
스포츠/레저,스포츠액세서리,호각/호루라기,,39130902
스포츠/레저,마라톤용품,,,39070100
스포츠/레저,당구용품,,,39050200
스포츠/레저,기타스포츠용품,,,39130000
화장품/미용,네일케어,네일케어도구,,19030400
화장품/미용,뷰티소품,아이소품,뷰러,20060500
화장품/미용,뷰티소품,아이소품,눈썹칼,20060607
화장품/미용,뷰티소품,아이소품,눈썹가위,20060606
화장품/미용,뷰티소품,아이소품,족집게,20060605
화장품/미용,뷰티소품,아이소품,샤프너,20060604
화장품/미용,뷰티소품,페이스소품,퍼프,20060700
화장품/미용,뷰티소품,페이스소품,코털제거기,20060608
화장품/미용,뷰티소품,페이스소품,피지/각질제거기,24110100
화장품/미용,뷰티소품,헤어소품,헤어브러시,24390100
화장품/미용,뷰티소품,헤어소품,헤어롤,20080700
화장품/미용,뷰티소품,헤어소품,세안밴드,20060602
화장품/미용,뷰티소품,헤어소품,헤어캡,20060601
화장품/미용,뷰티소품,메이크업브러시,립브러시,20060702
화장품/미용,뷰티소품,메이크업브러시,아이브러시,20060701
패션의류,여성의류,니트/스웨터,,10020100
패션의류,여성의류,카디건,,10010100
패션의류,여성의류,원피스,,10110100
패션의류,여성의류,티셔츠,,10180100
패션의류,여성의류,블라우스/셔츠,,10060100
패션의류,여성의류,점퍼,,10130100
패션의류,여성의류,재킷,,10121100
패션의류,여성의류,코트,,10120400
패션의류,여성의류,바지,,10050100
패션의류,여성의류,청바지,,10030100
패션의류,여성의류,스커트,,10090100
패션의류,여성의류,레깅스,,10040100
패션의류,여성의류,트레이닝복,,10170300
패션의류,여성의류,조끼,,10150100
패션의류,여성의류,정장세트,,10140600
패션의류,여성의류,한복,,10100300
패션의류,여성의류,유니폼/단체복,,10100400
패션의류,여성의류,파티복,,10160100
패션의류,여성의류,레인코트,,10100100
패션의류,여성의류,점프슈트,,10200315
패션의류,여성의류,코디세트,,10070100
패션의류,여성언더웨어/잠옷,브라,,17080100
패션의류,여성언더웨어/잠옷,팬티,,17100100
패션의류,여성언더웨어/잠옷,브라팬티세트,,17090100
패션의류,여성언더웨어/잠옷,잠옷/홈웨어,,17110400
패션의류,여성언더웨어/잠옷,시즌성내의,내복,17070401
패션의류,여성언더웨어/잠옷,시즌성내의,힙워머,17070700
패션의류,여성언더웨어/잠옷,시즌성내의,모시메리,17070600
패션의류,여성언더웨어/잠옷,보정속옷,니퍼/복대,17130200
패션의류,여성언더웨어/잠옷,보정속옷,코르셋,17130100
패션의류,여성언더웨어/잠옷,보정속옷,올인원/바디쉐이퍼,17130500
패션의류,여성언더웨어/잠옷,보정속옷,거들,17100200
패션의류,여성언더웨어/잠옷,보정속옷,보정속옷세트,17130400
패션의류,여성언더웨어/잠옷,보정속옷,기타보정속옷,17130900
패션의류,여성언더웨어/잠옷,슬립,,17040300
패션의류,여성언더웨어/잠옷,러닝/캐미솔,,17040700
패션의류,여성언더웨어/잠옷,속치마/속바지,,17040201
패션의류,여성언더웨어/잠옷,언더웨어소품,가터벨트,27110400
패션의류,여성언더웨어/잠옷,언더웨어소품,브라끈,17050200
패션의류,여성언더웨어/잠옷,언더웨어소품,브라패드,17050300
패션의류,여성언더웨어/잠옷,언더웨어소품,땀패드,17050100
패션의류,여성언더웨어/잠옷,언더웨어소품,기타언더웨어소품,27110401
패션의류,남성의류,니트/스웨터,,11030100
패션의류,남성의류,티셔츠,,11020100
패션의류,남성의류,셔츠/남방,,11040100
패션의류,남성의류,카디건,,11010100
패션의류,남성의류,점퍼,,11100100
패션의류,남성의류,재킷,,11210600
패션의류,남성의류,코트,,11160100
패션의류,남성의류,청바지,,11130100
패션의류,남성의류,바지,,11050100
패션의류,남성의류,조끼,,11120100
패션의류,남성의류,정장세트,,11110100
패션의류,남성의류,트레이닝복,,11090100
패션의류,남성의류,한복,,11170200
패션의류,남성의류,유니폼/단체복,,11170500
패션의류,남성의류,레인코트,,11170400
패션의류,남성의류,코디세트,,11170700
패션의류,남성의류,점프슈트,,11170600
패션의류,남성언더웨어/잠옷,팬티,,17030100
패션의류,남성언더웨어/잠옷,러닝,,17010100
패션의류,남성언더웨어/잠옷,러닝팬티세트,,17020100
패션의류,남성언더웨어/잠옷,잠옷/홈웨어,,17110100
패션의류,남성언더웨어/잠옷,시즌성내의,내복,17070100
패션의류,남성언더웨어/잠옷,시즌성내의,모시메리,17070200
패션의류,남성언더웨어/잠옷,보정속옷,보정상의,39240200
패션의류,남성언더웨어/잠옷,보정속옷,보정하의,17130800
패션의류,남성언더웨어/잠옷,보정속옷,복대,17130700
생활/건강,공구,전동공구,드릴세트,32010100
생활/건강,공구,전동공구,비트세트,45180101
생활/건강,공구,전동공구,청소기,45180200
생활/건강,공구,전동공구,광택기,45181000
생활/건강,공구,전동공구,송풍기,45181100
생활/건강,공구,전동공구,열풍기,45180300
생활/건강,공구,전동공구,전동공구액세서리,45180500
생활/건강,공구,전동공구,전동드릴,45180600
생활/건강,공구,전동공구,충전드릴,45180800
생활/건강,공구,전동공구,해머드릴,45180900
생활/건강,공구,전동공구,기타전동공구,45180400
생활/건강,공구,수작업공구,공구세트,32010101
생활/건강,공구,수작업공구,공구함,45020300
생활/건강,공구,수작업공구,니퍼,45160100
생활/건강,공구,수작업공구,도끼,45160800
생활/건강,공구,수작업공구,드라이버,45160200
생활/건강,공구,수작업공구,렌치,45160900
생활/건강,공구,수작업공구,망치,45160300
생활/건강,공구,수작업공구,몽키,45160400
생활/건강,공구,수작업공구,복스,45161000
생활/건강,공구,수작업공구,스패너,45161100
생활/건강,공구,수작업공구,타카,45160600
생활/건강,공구,수작업공구,타카핀,45161200
생활/건강,공구,수작업공구,펜치,45161300
생활/건강,공구,수작업공구,플라이어,45160700
생활/건강,공구,수작업공구,바이스,45030400
생활/건강,공구,수작업공구,작업대,26020700
생활/건강,공구,수작업공구,기타수작업공구,45160500
생활/건강,공구,측정공구,레이저측정기,45200100
생활/건강,공구,측정공구,산업용저울,45200500
생활/건강,공구,측정공구,수평기,45200200
생활/건강,공구,측정공구,온도계/습도계,45200300
생활/건강,공구,측정공구,염도계,45201400
생활/건강,공구,측정공구,워킹자/줄자,45200401
생활/건강,공구,측정공구,캘리퍼스,45200800
생활/건강,공구,측정공구,테스트기,45200700
생활/건강,공구,측정공구,방사능측정기,45200900
생활/건강,공구,측정공구,조도계,45201100
생활/건강,공구,측정공구,음주측정기,45201000
생활/건강,공구,측정공구,흡연측정기,45201300
생활/건강,공구,측정공구,산소포화도측정기,45201200
생활/건강,공구,측정공구,기타측정기,45200600
생활/건강,공구,목공공구,대패,45190500
생활/건강,공구,목공공구,샌더,45190800
생활/건강,공구,목공공구,트리머,45191800
생활/건강,공구,목공공구,조각기,45191300
생활/건강,공구,목공공구,톱,45191700
생활/건강,공구,목공공구,홀쏘,45191000
생활/건강,공구,설비공구,배관용품,45090100
생활/건강,공구,설비공구,컷터기,45090300
생활/건강,공구,설비공구,확관기,45090500
생활/건강,공구,설비공구,코어드릴,45090400
생활/건강,공구,설비공구,파이프머신,45090600
생활/건강,공구,절삭공구,각도/고속절단기,45190200
생활/건강,공구,절삭공구,그라인더,45190300
생활/건강,공구,절삭공구,그라인더날,45191900
생활/건강,공구,절삭공구,다용도조각기,45192300
생활/건강,공구,절삭공구,루터,45190700
생활/건강,공구,절삭공구,루터날,45192200
생활/건강,공구,절삭공구,직소기,45191400
생활/건강,공구,절삭공구,직소기날,45192000
생활/건강,공구,용접공구,용접기,45120200
생활/건강,공구,용접공구,용접봉,45120800
생활/건강,공구,용접공구,용접용품,45120300
생활/건강,공구,용접공구,인두기,45120400
생활/건강,공구,용접공구,인두용품,45120600
생활/건강,공구,용접공구,절단기,45120500
생활/건강,공구,용접공구,해빙기,45120700
생활/건강,공구,예초기,가스예초기,45141200
생활/건강,공구,예초기,엔진예초기,45140200
생활/건강,공구,예초기,충전/전기예초기,45140800
생활/건강,공구,예초기,예초기부품,45140300
생활/건강,공구,원예공구,농기구,45141000
생활/건강,공구,원예공구,압축분무기,45030500
생활/건강,공구,원예공구,비료살포기,55070900
생활/건강,공구,원예공구,원예가위,45140500
생활/건강,공구,원예공구,잔디깎이,45140700
생활/건강,공구,원예공구,호스/호스카트,45030600
생활/건강,공구,원예공구,스프링클러,45140100
생활/건강,공구,원예공구,기타원예공구,45140600
생활/건강,공구,원예공구,농기계,45140900
생활/건강,공구,에어공구,에어건,45150100
생활/건강,공구,에어공구,에어렌치,45150200
생활/건강,공구,에어공구,에어스프레이건,45150300
생활/건강,공구,에어공구,에아타카,45150400
생활/건강,공구,에어공구,에어호스/게이지,45150500
생활/건강,공구,에어공구,컴프레서,45150800
생활/건강,공구,에어공구,유압공구,45150600
생활/건강,공구,소형기계,펌프,45050400
생활/건강,공구,소형기계,모터,45050200
생활/건강,공구,소형기계,발전기,45050300
생활/건강,공구,소형기계,기타소형기계,45220000
생활/건강,공구,전기용품,기타 전기용품,41170200
생활/건강,공구,페인트용품,젯소,45211300
생활/건강,공구,페인트용품,바니시,45211200
생활/건강,공구,페인트용품,스테인,45211100
생활/건강,공구,페인트용품,에폭시,45210300
생활/건강,공구,페인트용품,붓,45210800
생활/건강,공구,페인트용품,롤러,45210600
생활/건강,공구,페인트용품,기타페인트용품,45210500
생활/건강,공구,페인트용품,방수제,45210700
생활/건강,공구,운반용품,사다리,45130100
생활/건강,공구,운반용품,핸드카트/운반기,45130200
생활/건강,공구,운반용품,지게차,45130400
생활/건강,공구,포장용품,밴딩기,45060100
생활/건강,공구,포장용품,택배박스,45060300
생활/건강,공구,포장용품,택배봉투,45060400
생활/건강,공구,포장용품,커터,45060700
생활/건강,공구,체결용품,나사,45110200
생활/건강,공구,체결용품,리벳,45110100
생활/건강,공구,체결용품,못,45110200
생활/건강,공구,체결용품,볼트/너트,45110300
생활/건강,공구,체결용품,홀딩클램프,45110700
생활/건강,공구,체결용품,스프링,45110400
생활/건강,공구,안전용품,보안경,45100601
생활/건강,공구,안전용품,마스크,45100200
생활/건강,공구,안전용품,기타안전용품,45100700
생활/건강,공구,안전용품,소화기,45100400
생활/건강,공구,안전용품,안전/작업복,45100500
생활/건강,공구,안전용품,안전모,45100600
생활/건강,공구,안전용품,안전장갑,45100800
생활/건강,공구,안전용품,안전표시/신호,45100900
생활/건강,문구/사무용품,사무기기,OHP,44090100
생활/건강,문구/사무용품,사무기기,공학용계산기,44090200
생활/건강,문구/사무용품,사무기기,일반계산기,44090201
생활/건강,문구/사무용품,사무기기,금고,44090300
생활/건강,문구/사무용품,사무기기,금전등록기,44092100
생활/건강,문구/사무용품,사무기기,동전계수기,44090400
생활/건강,문구/사무용품,사무기기,디지털복사기,44091500
생활/건강,문구/사무용품,사무기기,문서세단기,44090700
생활/건강,문구/사무용품,사무기기,수표발행기,44092000
생활/건강,문구/사무용품,사무기기,실물화상기,44091900
생활/건강,문구/사무용품,사무기기,재단기,44090900
생활/건강,문구/사무용품,사무기기,전자타자기,44091800
생활/건강,문구/사무용품,사무기기,접지기,44091700
생활/건강,문구/사무용품,사무기기,제본기,44091000
생활/건강,문구/사무용품,사무기기,지폐계수기,44091600
생활/건강,문구/사무용품,사무기기,천공기,44091005
생활/건강,문구/사무용품,사무기기,출퇴근기록기,44091100
생활/건강,문구/사무용품,사무기기,코팅기,44091300
생활/건강,문구/사무용품,사무기기,팩스,47220200
생활/건강,문구/사무용품,사무기기,RFID,44091400
생활/건강,문구/사무용품,제도용품,제도용필기구,44140300
생활/건강,문구/사무용품,제도용품,제도판,44140400
생활/건강,문구/사무용품,제도용품,기타제도용품,44140600
생활/건강,문구/사무용품,문구용품,사무용가위,44101200
생활/건강,문구/사무용품,문구용품,사무용칼,44100900
생활/건강,문구/사무용품,문구용품,펀치,44061000
생활/건강,문구/사무용품,문구용품,모양펀치,44061400
생활/건강,문구/사무용품,문구용품,다이모/엠보서,44130900
생활/건강,문구/사무용품,문구용품,수정용품,44061900
생활/건강,문구/사무용품,문구용품,자,44061800
생활/건강,문구/사무용품,문구용품,자석,44171400
생활/건강,문구/사무용품,문구용품,문구세트,44050200
생활/건강,문구/사무용품,문구용품,기타문구용품,44060200
생활/건강,화방용품,우드락/폼보드,,44140100
생활/건강,화방용품,미술도구수납용품,아트백,44181900
생활/건강,화방용품,미술도구수납용품,화구통/박스,44181200
생활/건강,화방용품,미술도구수납용품,붓통/케이스,44181800
생활/건강,화방용품,조소/판화용품,조소용품,38121100
생활/건강,화방용품,조소/판화용품,판화용품,44181100
생활/건강,자동차용품,DIY용품,도색용품,41010700
생활/건강,자동차용품,DIY용품,레진,41011200
생활/건강,자동차용품,DIY용품,차량용스위치,41170202
생활/건강,자동차용품,DIY용품,차량용공구,41010600
생활/건강,자동차용품,램프,차량용실내등,41021000
생활/건강,자동차용품,램프,안개등,41021200
생활/건강,자동차용품,램프,전조등,41021300
생활/건강,자동차용품,램프,테일램프,41020500
생활/건강,자동차용품,램프,방향지시등,41170203
생활/건강,자동차용품,램프,기타램프용품,41021100
생활/건강,자동차용품,배터리용품,배터리충전기/점프스타터,41090400
생활/건강,자동차용품,배터리용품,점프선,41090800
생활/건강,자동차용품,배터리용품,터미널,41091400
생활/건강,자동차용품,배터리용품,기타배터리용품,41091200
생활/건강,자동차용품,배터리용품,차량용배터리,41090303
생활/건강,자동차용품,세차용품,광택기,41100100
생활/건강,자동차용품,세차용품,차량용컴프레서,41100800
생활/건강,자동차용품,세차용품,호스,41101500
생활/건강,자동차용품,세차용품,차량용먼지떨이개,41100300
생활/건강,자동차용품,세차용품,세차도구세트,41100600
생활/건강,자동차용품,세차용품,세차물통,41102200
생활/건강,자동차용품,세차용품,세차장갑,41101600
생활/건강,자동차용품,키용품,시동경보기,42150100
생활/건강,자동차용품,키용품,키케이스,41180802
생활/건강,자동차용품,편의용품,차량용가습기,41130201
생활/건강,자동차용품,편의용품,차량용공기청정기,41080100
생활/건강,자동차용품,편의용품,차량용냉/온장고,41130100
생활/건강,자동차용품,편의용품,차량용면도기,41130800
생활/건강,자동차용품,편의용품,차량용보온컵,41131100
생활/건강,자동차용품,편의용품,차량용선풍기,41130900
생활/건강,자동차용품,편의용품,차량용온풍기,41131000
생활/건강,자동차용품,편의용품,차량용청소기,41101200
생활/건강,자동차용품,오일/소모품,오일필터,41140600
생활/건강,자동차용품,오일/소모품,와이퍼,41150603
생활/건강,자동차용품,오일/소모품,에어컨필터,41080400
생활/건강,자동차용품,익스테리어용품,엠블럼,41180400
생활/건강,자동차용품,익스테리어용품,가드,41150100
생활/건강,자동차용품,익스테리어용품,몰딩,41030100
생활/건강,자동차용품,익스테리어용품,사이드미러,41040503
생활/건강,자동차용품,익스테리어용품,후사경,41031000
생활/건강,자동차용품,익스테리어용품,선루프,41150400
생활/건강,자동차용품,익스테리어용품,선바이저,41150500
생활/건강,자동차용품,익스테리어용품,에어로파츠,41200600
생활/건강,자동차용품,익스테리어용품,번호판볼트,41150300
생활/건강,자동차용품,익스테리어용품,사이드스텝,41030600
생활/건강,자동차용품,익스테리어용품,안테나볼,41180100
생활/건강,자동차용품,익스테리어용품,차량용폴대,41151000
생활/건강,자동차용품,익스테리어용품,후드핀,41150808
생활/건강,자동차용품,익스테리어용품,캐리어,41030700
생활/건강,자동차용품,익스테리어용품,루프박스,41151200
생활/건강,자동차용품,인테리어용품,기어용품,41040200
생활/건강,자동차용품,인테리어용품,차량용장식용품,41180700
생활/건강,자동차용품,인테리어용품,대시보드커버,41040400
생활/건강,자동차용품,인테리어용품,룸미러,41040500
생활/건강,자동차용품,인테리어용품,룸미러커버,41040504
생활/건강,자동차용품,인테리어용품,보조룸미러,41040502
생활/건강,자동차용품,인테리어용품,내부몰딩,41040900
생활/건강,자동차용품,인테리어용품,썬팅필름,41040702
생활/건강,자동차용품,인테리어용품,안전벨트용품,41040801
생활/건강,자동차용품,인테리어용품,차량용나침반,41130200
생활/건강,자동차용품,인테리어용품,차량용시계,41180300
생활/건강,자동차용품,인테리어용품,페달용품,41041200
생활/건강,자동차용품,인테리어용품,핸들,41041500
생활/건강,자동차용품,인테리어용품,핸들커버,41041300
생활/건강,자동차용품,인테리어용품,차량용햇빛가리개,41041400
생활/건강,자동차용품,인테리어용품,주차번호판,41041000
생활/건강,자동차용품,인테리어용품,바닥매트,41070300
생활/건강,자동차용품,인테리어용품,차량용방석,41120301
생활/건강,자동차용품,인테리어용품,시트커버,41121101
생활/건강,자동차용품,인테리어용품,방음/방진/흡음,41010200
생활/건강,자동차용품,전기용품,소켓/시거잭,41090500
생활/건강,자동차용품,전기용품,인버터,41090600
생활/건강,자동차용품,전기용품,전압안정기,41091100
생활/건강,자동차용품,전기용품,차량용케이블,41050500
생활/건강,자동차용품,전기용품,차량용태양열충전기,41050402
생활/건강,자동차용품,전기용품,차량용AC어댑터,41091000
생활/건강,자동차용품,전기용품,컨버터,41090602
생활/건강,자동차용품,전기용품,점화케이블,41200802
생활/건강,자동차용품,전기용품,점화플러그,41200803
생활/건강,자동차용품,전기용품,릴레이,41090100
생활/건강,자동차용품,전기용품,기타전기용품,41090700
생활/건강,자동차용품,전기용품,휴즈,41010900
생활/건강,자동차용품,수납용품,CD바이저,41110101
생활/건강,자동차용품,수납용품,논슬립패드,41110200
생활/건강,자동차용품,수납용품,선글라스클립,41110901
생활/건강,자동차용품,수납용품,차량용옷걸이/후크/행거,41110700
생활/건강,자동차용품,수납용품,콘솔박스,41110802
생활/건강,자동차용품,수납용품,트렁크정리함,41111004
생활/건강,자동차용품,수납용품,차량용포켓,41110500
생활/건강,자동차용품,수납용품,차량용홀더,41111100
생활/건강,자동차용품,수납용품,차량용휴지통,41111200
생활/건강,자동차용품,수납용품,차량용테이블,41111300
생활/건강,자동차용품,수납용품,차량용재떨이,41111102
생활/건강,자동차용품,휴대폰용품,차량용휴대폰거치대,41050300
생활/건강,자동차용품,휴대폰용품,차량용휴대폰충전기,41050400
생활/건강,자동차용품,타이어/휠,휠용품,41190600
생활/건강,자동차용품,타이어/휠,타이어,41160500
생활/건강,자동차용품,타이어/휠,타이어용품,41190400
생활/건강,자동차용품,타이어/휠,스노우체인,41190101
생활/건강,자동차용품,튜닝용품,냉각,41201300
생활/건강,자동차용품,튜닝용품,배기/흡기튜닝,41200300
생활/건강,자동차용품,튜닝용품,브레이크,41200400
생활/건강,자동차용품,튜닝용품,서스펜션,41200500
생활/건강,자동차용품,튜닝용품,엔진튠업,41201100
생활/건강,자동차용품,튜닝용품,점화케이블,41200802
생활/건강,자동차용품,튜닝용품,점화플러그,41200803
생활/건강,자동차용품,튜닝용품,계기판,41040104
생활/건강,자동차용품,튜닝용품,게이지,41200100
생활/건강,자동차용품,튜닝용품,레이싱용품,41200200
생활/건강,자동차용품,튜닝용품,기타튜닝용품,41201000
생활/건강,수집품,서예/글씨,,38240400
생활/건강,수집품,LP,,61180800
생활/건강,수집품,공예품,,38050200
생활/건강,수집품,포스터,,38150300
생활/건강,수집품,이색수집품,,38150200
생활/건강,수집품,게임,다트,38030200
생활/건강,수집품,게임,보드게임,38030400
생활/건강,수집품,게임,마술도구,38030300
생활/건강,수집품,퍼즐/블록,퍼즐,38030600
생활/건강,수집품,퍼즐/블록,블록,38030501
생활/건강,수집품,모형/프라모델/피규어,모형,38110200
생활/건강,수집품,모형/프라모델/피규어,다이캐스트,38110100
생활/건강,수집품,모형/프라모델/피규어,밀리터리,38110400
생활/건강,수집품,모형/프라모델/피규어,프라모델,38110406
생활/건강,수집품,모형/프라모델/피규어,프라모델용품,38110300
생활/건강,수집품,모형/프라모델/피규어,피규어,38200200
생활/건강,수집품,모형/프라모델/피규어,보관용품,38201100
생활/건강,수집품,무선/RC,자동차,38010400
생활/건강,수집품,무선/RC,중장비,38010700
생활/건강,수집품,무선/RC,헬기,38010800
생활/건강,수집품,무선/RC,비행기,38010500
생활/건강,수집품,무선/RC,RC소품,38010100
생활/건강,수집품,무선/RC,드론,38010600
생활/건강,수집품,서바이벌,보호장비,38130700
생활/건강,수집품,서바이벌,서바이벌용품,38130300
생활/건강,수집품,서바이벌,건(GUN),38130100
생활/건강,수집품,화폐,지폐,38070300
생활/건강,수집품,화폐,주화,38070100
생활/건강,수집품,우표/씰,우표,38220100
생활/건강,수집품,우표/씰,씰,38060400
생활/건강,수집품,코스튬플레이,의상,10100600
생활/건강,수집품,코스튬플레이,소품,10100800
생활/건강,수집품,아이돌굿즈,포토/브로마이드,38150505
생활/건강,수집품,아이돌굿즈,문구사무용품,38150504
생활/건강,수집품,아이돌굿즈,텀블러/물병,38150501
생활/건강,수집품,아이돌굿즈,응원봉,38150503
생활/건강,수집품,아이돌굿즈,휴대폰용품,38150506
생활/건강,수집품,아이돌굿즈,기타굿즈,38150506
생활/건강,관상어용품,사료,,54110100
생활/건강,관상어용품,수조장식용품,,54140300
생활/건강,관상어용품,수조청소용품,,54140400
생활/건강,관상어용품,수족관/어항,,54140200
생활/건강,관상어용품,수초,,54140500
생활/건강,관상어용품,에어/기포,,54140700
생활/건강,관상어용품,모터,,54140900
생활/건강,관상어용품,히터,,54280600
생활/건강,관상어용품,조명,,54141000
생활/건강,관상어용품,여과기/여과제,,54140800
생활/건강,악기,기타(guitar),베이스기타,38080300
생활/건강,악기,기타(guitar),어쿠스틱기타,38081100
생활/건강,악기,기타(guitar),오베이션기타,38080500
생활/건강,악기,기타(guitar),우쿨렐레,38080600
생활/건강,악기,기타(guitar),일렉기타,38080800
생활/건강,악기,기타(guitar),클래식기타,38080900
생활/건강,악기,피아노,그랜드피아노,38210200
생활/건강,악기,피아노,디지털피아노,38090400
생활/건강,악기,피아노,일반피아노,38210100
생활/건강,악기,피아노,피아노용품,38210300
생활/건강,악기,건반악기,멜로디언,43170800
생활/건강,악기,건반악기,아코디언,38190900
생활/건강,악기,건반악기,오르간,38190800
생활/건강,악기,건반악기,키보드/신시사이저,38190100
생활/건강,악기,현악기,만돌린,38160907
생활/건강,악기,현악기,바이올린,38160900
생활/건강,악기,현악기,베이스기타,38160901
생활/건강,악기,현악기,비올라,38160906
생활/건강,악기,현악기,전자바이올린,38160911
생활/건강,악기,현악기,첼로,38160902
생활/건강,악기,현악기,하프,38160909
생활/건강,악기,현악기,기타현악기,38160903
생활/건강,악기,현악기,케이스,38160905
생활/건강,악기,현악기,활,38160910
생활/건강,악기,관악기,오카리나,38160800
생활/건강,악기,관악기,클라리넷,38161015
생활/건강,악기,관악기,트럼펫,38161014
생활/건강,악기,관악기,팬플루트,38161004
생활/건강,악기,관악기,플룻,38161012
생활/건강,악기,관악기,호른,38161013
생활/건강,악기,관악기,휘슬,38161011
생활/건강,악기,관악기,오보에,38161010
생활/건강,악기,관악기,피콜로,38161009
생활/건강,악기,관악기,바순,38161008
생활/건강,악기,관악기,트롬본,38161007
생활/건강,악기,관악기,튜바,38161006
생활/건강,악기,관악기,유포니움,38161005
생활/건강,악기,관악기,리코더,38161002
생활/건강,악기,관악기,관악기소품/부품,38161001
생활/건강,악기,타악기,드럼,38160700
생활/건강,악기,타악기,스틱/스탠드,38160706
생활/건강,악기,타악기,심벌즈,38160704
생활/건강,악기,타악기,전자드럼,38160703
생활/건강,악기,타악기,타악기소품/부품,38160705
생활/건강,악기,타악기,기타타악기,38160701
생활/건강,악기,음향기자재,메트로놈,38160300
생활/건강,악기,음향기자재,보면대,38160301
생활/건강,악기,음향기자재,스탠드,38160303
생활/건강,악기,음향기자재,앰프,38160602
생활/건강,악기,음향기자재,이펙터,38160603
생활/건강,악기,음향기자재,튜너기,38160604
생활/건강,악기,음향기자재,파워믹서,38160302
생활/건강,악기,기타악기,핸드벨,38161100
생활/건강,악기,기타악기,탬버린,43250500
생활/건강,악기,기타악기,하모니카,38160801
생활/건강,반려동물,햄스터용품,,54120500
생활/건강,반려동물,고슴도치용품,,54120100
생활/건강,반려동물,토끼용품,,54120300
생활/건강,반려동물,조류용품,,54250100
생활/건강,반려동물,기타반려동물용품,,54120200
생활/건강,반려동물,강아지 배변용품,배변봉투/집게,54191400
생활/건강,반려동물,강아지 배변용품,배변판,54190500
생활/건강,반려동물,강아지 건강/관리용품,눈/귀 관리용품,54190300
생활/건강,반려동물,미용/목욕,이발기,54160900
생활/건강,반려동물,미용/목욕,미용가위,54160601
생활/건강,반려동물,미용/목욕,발톱/발 관리,54160200
생활/건강,반려동물,미용/목욕,드라이기/드라이룸,54160801
생활/건강,반려동물,미용/목욕,타월/가운,54161000
생활/건강,반려동물,미용/목욕,기타 미용/목욕용품,54160100
생활/건강,반려동물,미용/목욕,샤워기/욕조,54160400
생활/건강,반려동물,강아지 장난감/훈련,노즈워크,54240600
생활/건강,반려동물,강아지 장난감/훈련,장난감/토이,54240300
생활/건강,반려동물,강아지 장난감/훈련,공/원반,54240100
생활/건강,반려동물,강아지 장난감/훈련,훈련용품,54240500
생활/건강,반려동물,강아지 장난감/훈련,자동장난감,54240200
생활/건강,반려동물,고양이 배변용품,후드형화장실,54040302
생활/건강,반려동물,고양이 배변용품,평판형화장실,54040303
생활/건강,반려동물,고양이 배변용품,거름막형화장실,54040304
생활/건강,반려동물,고양이 배변용품,매트/발판,54040600
생활/건강,반려동물,고양이 배변용품,분변통/모래삽,54040100
생활/건강,반려동물,고양이 배변용품,자동화장실,54040305
생활/건강,반려동물,고양이 건강/관리용품,구강관리용품,54040200
생활/건강,반려동물,고양이 건강/관리용품,눈/귀 관리용품,54040500
생활/건강,반려동물,고양이 캣타워,,54060200
생활/건강,반려동물,고양이 장난감,낚시/막대,54060501
생활/건강,반려동물,고양이 장난감,토이/쿠션/공,54060504
생활/건강,반려동물,고양이 장난감,터널/주머니,54060505
생활/건강,반려동물,고양이 장난감,자동장난감,54060502
생활/건강,반려동물,고양이 장난감,스크래쳐,54060500
생활/건강,반려동물,고양이 장난감,레이저포인터,54060503
생활/건강,반려동물,리빙용품,쿠션/방석,54210801
생활/건강,반려동물,리빙용품,매트/발판,54211100
생활/건강,반려동물,리빙용품,계단/스텝,54210100
생활/건강,반려동물,리빙용품,안전문,54211000
생활/건강,반려동물,리빙용품,울타리,54210601
생활/건강,반려동물,리빙용품,넥카라,54191100
생활/건강,반려동물,리빙용품,침대/해먹,54211200
생활/건강,반려동물,패션용품,패딩,54200800
생활/건강,반려동물,패션용품,올인원,54200600
생활/건강,반려동물,패션용품,티셔츠/후드,54200200
생활/건강,반려동물,패션용품,한복,54202100
생활/건강,반려동물,패션용품,기타액세서리,54200100
생활/건강,반려동물,패션용품,플리스,54201600
생활/건강,반려동물,패션용품,재킷/점퍼,54202200
생활/건강,반려동물,패션용품,베스트/조끼,54201100
생활/건강,반려동물,패션용품,팬츠/스커트,54201500
생활/건강,반려동물,패션용품,셔츠/블라우스,54201200
생활/건강,반려동물,패션용품,니트/스웨터,54200900
생활/건강,반려동물,패션용품,레인코드,54201000
생활/건강,반려동물,패션용품,코스튬,54202000
생활/건강,반려동물,패션용품,커플룩,54201900
생활/건강,반려동물,패션용품,수영복/구명조끼,54201800
생활/건강,반려동물,패션용품,스카프/목도리/케이프,54201300
생활/건강,반려동물,패션용품,가방,54201700
생활/건강,반려동물,패션용품,신발/양말,54202400
생활/건강,반려동물,패션용품,안경/모자,54201400
생활/건강,반려동물,패션용품,헤어핀/주얼리,54200300
생활/건강,반려동물,식기/급수기,식기/식탁,54130200
생활/건강,반려동물,식기/급수기,자동급식기,54180400
생활/건강,반려동물,식기/급수기,급수기/물병,54010300
생활/건강,반려동물,식기/급수기,사료통/사료스푼,54180300
생활/건강,반려동물,이동장/외출용품,이동장/이동가방,54210400
생활/건강,반려동물,이동장/외출용품,유모차,54210700
생활/건강,반려동물,이동장/외출용품,카시트,54210300
생활/건강,반려동물,야외용품,목줄,54210500
생활/건강,반려동물,야외용품,가슴줄,54211300
생활/건강,반려동물,야외용품,목걸이/인식표,54200400
생활/건강,반려동물,야외용품,리드줄,54210900
생활/건강,음반,국내앨범,,61180100
생활/건강,음반,해외앨범,,61180104
생활/건강,종교,기독교용품,,38180100
생활/건강,종교,천주교용품,,38180400
생활/건강,종교,불교용품,,38180300
생활/건강,주방용품,도마,,26110200
생활/건강,주방용품,식기,공기,26130100
생활/건강,주방용품,식기,대접,26131500
생활/건강,주방용품,식기,단반상기,26130600
생활/건강,주방용품,식기,디저트세트,26130200
생활/건강,주방용품,식기,면기,26130300
생활/건강,주방용품,식기,반상기,26130500
생활/건강,주방용품,식기,볼,26131700
생활/건강,주방용품,식기,소스기,26130800
생활/건강,주방용품,식기,수저,26090400
생활/건강,주방용품,식기,수저받침,26100200
생활/건강,주방용품,식기,수저통,26060101
생활/건강,주방용품,식기,양식기,26131600
생활/건강,주방용품,식기,접시,26060404
생활/건강,주방용품,식기,찬기,26130900
생활/건강,주방용품,식기,티스푼,26091800
생활/건강,주방용품,식기,티포크,26091700
생활/건강,주방용품,식기,티스푼/티포크세트,26091900
생활/건강,주방용품,식기,홈세트,26131000
생활/건강,주방용품,식기,식판,26060400
생활/건강,주방용품,식기,어린이식기,26130700
생활/건강,주방용품,잔/컵,다기/주기,26030200
생활/건강,주방용품,잔/컵,머그,26030400
생활/건강,주방용품,잔/컵,유리컵,26031000
생활/건강,주방용품,잔/컵,찻잔,26030700
생활/건강,주방용품,잔/컵,텀블러,26050500
생활/건강,주방용품,잔/컵,플라스틱컵,26030600
생활/건강,주방용품,잔/컵,와인잔,26070300
생활/건강,주방용품,잔/컵,샴페인잔,26030900
생활/건강,주방용품,잔/컵,스텐컵,26031001
생활/건강,주방용품,냄비/솥,곰솥/들통,26010100
생활/건강,주방용품,냄비/솥,냄비부자재,26011301
생활/건강,주방용품,냄비/솥,냄비세트,26010200
생활/건강,주방용품,냄비/솥,돌솥,26010300
생활/건강,주방용품,냄비/솥,뚝배기,26060201
생활/건강,주방용품,냄비/솥,압력솥,26010600
생활/건강,주방용품,냄비/솥,양수냄비,26010700
생활/건강,주방용품,냄비/솥,전골냄비,26010800
생활/건강,주방용품,냄비/솥,전자레인지/오븐 용기,26090600
생활/건강,주방용품,냄비/솥,직화냄비,26011000
생활/건강,주방용품,냄비/솥,찜기,26011200
생활/건강,주방용품,냄비/솥,편수냄비,26011100
생활/건강,주방용품,프라이팬,구이팬,26140800
생활/건강,주방용품,프라이팬,궁중팬/튀김팬,26140100
생활/건강,주방용품,프라이팬,양면팬,26140400
생활/건강,주방용품,프라이팬,일반프라이팬,26140600
생활/건강,주방용품,프라이팬,프라이팬세트,26140700
생활/건강,주방용품,주전자/티포트,주전자,26010905
생활/건강,주방용품,주전자/티포트,티세트,26010902
생활/건강,주방용품,주전자/티포트,티포트,26010903
생활/건강,주방용품,보관/밀폐용기,김치통,26040200
생활/건강,주방용품,보관/밀폐용기,도시락/찬합,26040300
생활/건강,주방용품,보관/밀폐용기,도자기/유리용기,26040400
생활/건강,주방용품,보관/밀폐용기,물병,26030500
생활/건강,주방용품,보관/밀폐용기,물통,26030800
생활/건강,주방용품,보관/밀폐용기,법랑용기,26041300
생활/건강,주방용품,보관/밀폐용기,비닐접착기,26041200
생활/건강,주방용품,보관/밀폐용기,스텐용기,26040700
생활/건강,주방용품,보관/밀폐용기,시리얼디스펜서,26041100
생활/건강,주방용품,보관/밀폐용기,쌀통,26040800
생활/건강,주방용품,보관/밀폐용기,아이스트레이,26040500
생활/건강,주방용품,보관/밀폐용기,양념통/설탕프림기,26040600
생활/건강,주방용품,보관/밀폐용기,플라스틱용기,26040900
생활/건강,주방용품,보관/밀폐용기,항아리,26041400
생활/건강,주방용품,보관/밀폐용기,보온/보냉병,26050100
생활/건강,주방용품,보관/밀폐용기,기타보관용기,26040100
생활/건강,주방용품,칼/커팅기구,강판,26110700
생활/건강,주방용품,칼/커팅기구,다지기,26110300
생활/건강,주방용품,칼/커팅기구,절구,26111000
생활/건강,주방용품,칼/커팅기구,주방가위,26110900
생활/건강,주방용품,칼/커팅기구,채칼/필러,26110800
생활/건강,주방용품,칼/커팅기구,칼,26110400
생활/건강,주방용품,칼/커팅기구,칼갈이,26110500
생활/건강,주방용품,칼/커팅기구,칼꽂이/블럭,26110600
생활/건강,주방용품,칼/커팅기구,칼세트,26110100
생활/건강,주방용품,교자상/밥상,교자상,21140100
생활/건강,주방용품,교자상/밥상,다과상,21140301
생활/건강,주방용품,교자상/밥상,다용도상,21140302
생활/건강,주방용품,교자상/밥상,상커버,26100900
생활/건강,주방용품,주방수납용품,식기건조대,26100600
생활/건강,주방용품,주방수납용품,싱크선반,21140401
생활/건강,주방용품,주방수납용품,주방정리소품,26100400
생활/건강,주방용품,조리기구,계란찜기/계란틀,26092300
생활/건강,주방용품,조리기구,국자,26091000
생활/건강,주방용품,조리기구,김밥/주먹밥틀,26091500
생활/건강,주방용품,조리기구,달고나세트,26092200
생활/건강,주방용품,조리기구,뒤집개,26091100
생활/건강,주방용품,조리기구,믹싱볼,26130400
생활/건강,주방용품,조리기구,주걱,26090700
생활/건강,주방용품,조리기구,집게,26091600
생활/건강,주방용품,조리기구,채반,26131300
생활/건강,주방용품,조리기구,퐁듀세트,26131400
생활/건강,주방용품,조리기구,기타조리기구,26090200
생활/건강,주방용품,조리기구,거품기,26091200
생활/건강,주방용품,조리기구,오프너,26100800
생활/건강,주방용품,조리기구,솔,26091300
생활/건강,주방용품,조리기구,깔때기,26092100
생활/건강,주방용품,조리기구,제면기,26060800
생활/건강,주방용품,조리기구,스퀴저,26091400
생활/건강,주방용품,조리기구,다시망/차거름망,26092000
생활/건강,주방용품,커피용품,커피분쇄기,26120700
생활/건강,주방용품,커피용품,커피추출기,26120600
생활/건강,주방용품,커피용품,스팀피쳐/밀크저그,26120800
생활/건강,주방용품,커피용품,드립포트,26120203
생활/건강,주방용품,커피용품,우유거품기,26120500
생활/건강,주방용품,커피용품,여과지,26120204
생활/건강,주방용품,커피용품,템퍼,26120100
생활/건강,주방용품,와인용품,디캔터,26070100
생활/건강,주방용품,와인용품,스토퍼/세이버,26070200
생활/건강,주방용품,와인용품,와인랙,26070400
생활/건강,주방용품,와인용품,와인액세서리세트,26070700
생활/건강,주방용품,와인용품,와인오프너,26070500
생활/건강,주방용품,와인용품,와인쿨러,26070600
생활/건강,주방용품,제과/제빵용품,계량스푼,26090800
생활/건강,주방용품,제과/제빵용품,계량컵,26150000
생활/건강,주방용품,제과/제빵용품,계량저울,26090801
생활/건강,주방용품,제과/제빵용품,쿠킹타이머,26090802
생활/건강,주방용품,제과/제빵용품,모양깍지/짤주머니,26150200
생활/건강,주방용품,제과/제빵용품,스패츌러/주걱,26151200
생활/건강,주방용품,제과/제빵용품,빵칼,26151300
생활/건강,주방용품,제과/제빵용품,와플팬,26150400
생활/건강,주방용품,제과/제빵용품,유산지/베이킹컵,26150800
생활/건강,주방용품,제과/제빵용품,제빵소도구,26151500
생활/건강,주방용품,제과/제빵용품,식힘망,26151400
생활/건강,주방용품,제과/제빵용품,돌림판,26150100
생활/건강,주방용품,제과/제빵용품,작업판/매트,26151000
생활/건강,주방용품,제과/제빵용품,밀대,26151100
생활/건강,주방용품,제과/제빵용품,쿠키팬,26150600
생활/건강,주방용품,제과/제빵용품,쿠키커터/모양틀,26150500
생활/건강,주방용품,제과/제빵용품,핸드믹서기,26150700
생활/건강,주방용품,주방잡화,야채탈수기,26101000
생활/건강,주방용품,주방잡화,고무장갑,26100500
생활/건강,주방용품,주방잡화,냄비받침,26101100
생활/건강,주방용품,주방잡화,수세미,33120600
생활/건강,주방용품,주방잡화,컵받침/홀더,26100700
생활/건강,주방용품,주방잡화,쟁반,26131100
생활/건강,주방용품,주방잡화,랩,33120200
생활/건강,주방용품,주방잡화,롤백,33120300
생활/건강,주방용품,주방잡화,지퍼백,33120301
생활/건강,주방용품,주방잡화,쓰레기봉투,33120800
생활/건강,주방용품,주방잡화,커피스틱,26101300
생활/건강,주방용품,주방잡화,종이컵디스펜서,33120500
생활/건강,주방용품,주방잡화,행주,33120700
생활/건강,주방용품,주방잡화,기타주방잡화,26100100
생활/건강,주방용품,제수용품,병풍,26080300
생활/건강,주방용품,제수용품,유기제기,26081000
생활/건강,주방용품,제수용품,제기,26080700
생활/건강,주방용품,제수용품,제기세트,26080400
생활/건강,주방용품,제수용품,제기함,26080500
생활/건강,주방용품,제수용품,휴대용제기,26080600
생활/건강,주방용품,제수용품,돗자리,26080900
생활/건강,주방용품,제수용품,위패,26080800
생활/건강,세탁용품,빨래건조대,이동접이식,32110402
생활/건강,세탁용품,빨래건조대,천장부착식,32110403
생활/건강,세탁용품,다림판,,24040200
생활/건강,세탁용품,다림풀,,33100500
생활/건강,세탁용품,빨래바구니,,32110500
생활/건강,세탁용품,빨래삶통,,32110600
생활/건강,세탁용품,빨랫줄,,32110700
생활/건강,세탁용품,빨래집게,,32110100
생활/건강,세탁용품,빨래판,,32110800
생활/건강,세탁용품,세탁망,,32110900
생활/건강,세탁용품,세탁볼,,32111000
생활/건강,세탁용품,세탁솔,,32111100
생활/건강,건강측정용품,체중계,디지털체중계,27030500
생활/건강,건강측정용품,체중계,아날로그체중계,27030502
생활/건강,건강측정용품,만보계,,27030100
생활/건강,건강측정용품,신장계,,27030200
생활/건강,건강측정용품,체온계,,27030300
생활/건강,건강측정용품,혈압계,,27030800
생활/건강,건강측정용품,심박계,,27030900
생활/건강,건강측정용품,청진기,,27091000
생활/건강,건강관리용품,건강목걸이,,27021000
생활/건강,건강관리용품,건강팔찌,,27020200
생활/건강,건강관리용품,금연용품,,27050100
생활/건강,건강관리용품,뜸/뜸기구,,27071000
생활/건강,건강관리용품,수지침,,27150101
생활/건강,건강관리용품,먼지차단마스크,,27040200
생활/건강,건강관리용품,수액시트,,27080700
생활/건강,건강관리용품,지압기,,27021100
생활/건강,건강관리용품,코건강용품,,27020903
생활/건강,건강관리용품,코클리너,,27020902
생활/건강,건강관리용품,파라핀용품,,27071100
생활/건강,건강관리용품,기타건강관리용품,,27020102
생활/건강,건강관리용품,전자담배 액세서리,,27050300
생활/건강,건강관리용품,소음방지귀마개,,27021200
생활/건강,건강관리용품,위생마스크,,32020300
생활/건강,건강관리용품,마스크액세서리,,14100600
생활/건강,당뇨관리용품,침/바늘,,27150101
생활/건강,당뇨관리용품,혈당측정지,,27150400
생활/건강,당뇨관리용품,혈당계,,27150200
생활/건강,의료용품,거즈/붕대/솜류,,27010100
생활/건강,의료용품,구급/응급용품,,27120700
생활/건강,의료용품,석션기/네블라이저,,27091701
생활/건강,의료용품,핀셋/포셋/겸자류,,27091801
생활/건강,의료용품,의료용가구,,27091900
생활/건강,실버용품,휠체어,스틸휠체어,27140500
생활/건강,실버용품,휠체어,알루미늄휠체어,27141200
생활/건강,실버용품,휠체어,전동휠체어,27140600
생활/건강,실버용품,보행보조용품,,27120402
생활/건강,실버용품,보행차/실버카,,27120400
생활/건강,실버용품,목욕보조용품,,27120900
생활/건강,실버용품,배변보조용품,,27120800
생활/건강,실버용품,욕창방지용품,,27120600
생활/건강,실버용품,장례용품/수의,,27121000
생활/건강,실버용품,돋보기,,27120100
생활/건강,실버용품,보청기,,27120300
생활/건강,재활운동용품,목보호대,,27141100
생활/건강,재활운동용품,자세교정용품,,27060500
생활/건강,재활운동용품,의료용압박스타킹,,27141000
생활/건강,재활운동용품,재활운동기구,,27140900
생활/건강,재활운동용품,기타재활운동용품,,27140300
생활/건강,재활운동용품,상반신보조기,,27140700
생활/건강,재활운동용품,하반신보조기,,27140800
생활/건강,물리치료/저주파용품,저주파안마기,,27070200
생활/건강,물리치료/저주파용품,저주파자극기,,27070201
생활/건강,물리치료/저주파용품,저주파패드,,27070202
생활/건강,물리치료/저주파용품,적외선조사기,,27070300
생활/건강,물리치료/저주파용품,디스크/관절용품,,27020300
생활/건강,물리치료/저주파용품,부항기,,27070100
생활/건강,물리치료/저주파용품,물리치료용품,,27070800
생활/건강,좌욕/좌훈용품,좌욕기,,27070500
생활/건강,좌욕/좌훈용품,좌훈기,,27070900
생활/건강,냉온/찜질용품,찜질기,,27070400
생활/건강,냉온/찜질용품,찜질팩,,27070801
생활/건강,구강위생용품,혀클리너,,33011200
생활/건강,구강위생용품,마우스피스,,39020200
생활/건강,구강위생용품,틀니관리용품,,33011100
생활/건강,구강위생용품,치석제거기,,33011000
생활/건강,눈건강용품,렌즈세척기,,27020501
생활/건강,눈건강용품,안대,,27020800
생활/건강,눈건강용품,기타렌즈용품,,27020500
생활/건강,발건강용품,다리/발마사지기,,27080200
생활/건강,발건강용품,발지압/발매트,,27080400
생활/건강,발건강용품,족욕/족탕기,,27080500
생활/건강,발건강용품,발보호대/패드,,27080300
생활/건강,발건강용품,발가락교정기,,27080800
생활/건강,발건강용품,발각질제거기,,27080100
생활/건강,정원/원예용품,물조리개,,55070100
생활/건강,정원/원예용품,수반,,55051400
생활/건강,정원/원예용품,원예부자재,,55070300
생활/건강,정원/원예용품,정원데코,,55090200
생활/건강,정원/원예용품,테라리엄,,55090300
생활/건강,정원/원예용품,화분,,55070700
생활/건강,정원/원예용품,화분대,,32100900
생활/건강,정원/원예용품,화분받침,,55070800
생활/건강,안마용품,안마의자,,27130300
생활/건강,안마용품,안마기,,27130500
생활/건강,안마용품,쿠션안마기,,27130400
생활/건강,안마용품,안마매트,,27130600
생활/건강,안마용품,기타안마용품,,27130800
생활/건강,욕실용품,욕조/반신욕용품,이동식욕조,32070300
생활/건강,욕실용품,욕조/반신욕용품,반신욕조,32070401
생활/건강,욕실용품,욕조/반신욕용품,욕조트레이/소품,32071300
생활/건강,욕실용품,욕조/반신욕용품,월풀욕조/매립욕조,32071400
생활/건강,욕실용품,욕실잡화,변기커버,32130300
생활/건강,욕실용품,욕실잡화,욕실세트,32130901
생활/건강,욕실용품,욕실잡화,욕실의자,32131200
생활/건강,욕실용품,욕실잡화,욕실화,32131000
생활/건강,욕실용품,욕실잡화,바가지,32070201
생활/건강,욕실용품,욕실잡화,세숫대야,32070200
생활/건강,욕실용품,샤워기/수전용품,샤워기,32120101
생활/건강,욕실용품,샤워기/수전용품,샤워호스,32120200
생활/건강,욕실용품,샤워기/수전용품,수도/수전용품,32120400
생활/건강,욕실용품,샤워기/수전용품,녹물제거/샤워기필터,32120501
생활/건강,욕실용품,샤워기/수전용품,배수구캡,32120700
생활/건강,욕실용품,샤워기/수전용품,욕실부속품,32120600
생활/건강,욕실용품,샤워/목욕용품,샤워커튼/커튼봉,32130400
생활/건강,욕실용품,샤워/목욕용품,목욕바구니,32070100
생활/건강,욕실용품,샤워/목욕용품,샤워볼,32131500
생활/건강,욕실용품,샤워/목욕용품,때타월/때장갑,32070900
생활/건강,욕실용품,샤워/목욕용품,샤워용품,32130100
생활/건강,욕실용품,샤워/목욕용품,샤워가운,32070700
생활/건강,욕실용품,샤워/목욕용품,바디브러시,32131400
생활/건강,욕실용품,수건/타월,세면타월,32070800
생활/건강,욕실용품,수건/타월,바스/비치타월,32070600
생활/건강,욕실용품,욕실장/선반,욕실선반,32130700
생활/건강,욕실용품,욕실장/선반,욕실수납장,32130800
생활/건강,욕실용품,욕실청소용품,변기솔,32131700
생활/건강,욕실용품,욕실청소용품,욕실청소도구,32130500
생활/건강,욕실용품,욕실용기/홀더,디스펜서,32130200
생활/건강,욕실용품,욕실용기/홀더,칫솔통/걸이,32071000
생활/건강,욕실용품,욕실용기/홀더,양치컵,32071200
생활/건강,욕실용품,욕실용기/홀더,비눗갑/홀더/받침,32070500
생활/건강,욕실용품,욕실용기/홀더,휴지걸이,32071101
생활/건강,욕실용품,욕실용기/홀더,수건걸이,32071100
생활/건강,욕실용품,욕실용기/홀더,치약짜개,32131600
생활/건강,욕실용품,욕실발판/욕실매트,미끄럼방지매트,32130601
생활/건강,욕실용품,욕실발판/욕실매트,욕실발판/매트,32130600
생활/건강,욕실용품,위생도기,양변기,32121000
생활/건강,욕실용품,위생도기,세면대,32120300
생활/건강,수납/정리용품,선반/진열대,벽걸이선반/진열대,32100300
생활/건강,수납/정리용품,선반/진열대,코너선반/진열대,32100100
생활/건강,수납/정리용품,선반/진열대,이동식선반/진열대,32100400
생활/건강,수납/정리용품,선반/진열대,스탠드선반/진열대,21100400
생활/건강,수납/정리용품,정리함,속옷정리함,32030200
생활/건강,수납/정리용품,정리함,부직포정리함,32080100
생활/건강,수납/정리용품,정리함,종이정리함,32080500
생활/건강,수납/정리용품,정리함,소품정리함,32030400
생활/건강,수납/정리용품,정리함,신발정리대,21101100
생활/건강,수납/정리용품,옷걸이,일반옷걸이,32150600
생활/건강,수납/정리용품,옷걸이,바지걸이,32150200
생활/건강,수납/정리용품,바구니,,32030700
생활/건강,수납/정리용품,소품걸이,,32030100
생활/건강,수납/정리용품,옷커버,,32150700
생활/건강,수납/정리용품,압축팩,,32080400
생활/건강,수납/정리용품,선풍기커버,,32020700
생활/건강,수납/정리용품,마네킹,,32151200
생활/건강,청소용품,휴지통,압축휴지통,32141502
생활/건강,청소용품,휴지통,다용도휴지통,32141504
생활/건강,청소용품,휴지통,음식물쓰레기통,32140900
생활/건강,청소용품,휴지통,분리수거함,32140500
생활/건강,청소용품,밀대/패드,,32140300
생활/건강,청소용품,빗자루/쓰레받기,,32140600
생활/건강,청소용품,먼지떨이/먼지제거기,,32141301
생활/건강,청소용품,유리닦이용품,,32140800
생활/건강,청소용품,회전청소기,,32141400
생활/건강,청소용품,기타청소용품,,32140100
생활/건강,생활용품,해충퇴치용품,,32141000
생활/건강,생활용품,생활잡화,돗자리/매트,32090600
생활/건강,생활용품,생활잡화,모기장,31150400
생활/건강,생활용품,생활잡화,문풍지,32020400
생활/건강,생활용품,생활잡화,단열시트,32020200
생활/건강,생활용품,생활잡화,방풍막/방풍비닐,32020600
생활/건강,생활용품,생활잡화,쇼핑백,32090900
생활/건강,생활용품,생활잡화,핸드카트,45130300
생활/건강,생활용품,생활잡화,재떨이,32091300
생활/건강,생활용품,생활잡화,호출벨,32091200
생활/건강,생활용품,생활잡화,난방텐트,31151100
생활/건강,생활용품,보안용품,CCTV,49010100
생활/건강,생활용품,보안용품,모형카메라,49010400
생활/건강,생활용품,보안용품,자물쇠/열쇠,32160500
생활/건강,생활용품,보안용품,도어락/안전고리,32050200
생활/건강,생활용품,보안용품,경보기,32160400
생활/건강,생활용품,보안용품,호신용품,32160300
생활/건강,생활용품,보안용품,기타보안용품,32160100
생활/건강,생활용품,생활선물세트,,33070300
생활/건강,문구/사무용품,이벤트/파티용품,데코용품,22180800
가구/인테리어,인테리어소품,장식인형,,22110900
가구/인테리어,인테리어소품,조명,인테리어조명,22121000
스포츠/레저,낚시,민물낚시,얼음낚시,31030210
스포츠/레저,골프,골프연습용품,스윙용품,40110202
가구/인테리어,DIY자재/용품,가구부속품,기타가구부속품,21010100
디지털/가전,주방가전,기타주방가전,,24400100
생활/건강,문구/사무용품,데스크용품,독서대,44030100
가구/인테리어,인테리어소품,인테리어파티션,,21100900
가구/인테리어,인테리어소품,디자인문패,,22110200
출산/육아,인형,봉제인형,,43090100
스포츠/레저,요가/필라테스,기타요가용품,,39040900
가구/인테리어,침실가구,화장대,콘솔,21030700
생활/건강,문구/사무용품,용지,라벨지,44130200
디지털/가전,주방가전,김치냉장고,스탠드형,23080101
디지털/가전,주방가전,김치냉장고,뚜껑형,23080100
디지털/가전,주방가전,김치냉장고,서랍형,23080102
가구/인테리어,수납가구,잡지꽂이,,21160600
생활/건강,문구/사무용품,사무용품,현수막,55120500
생활/건강,자동차용품,오일/소모품,기타 오일/소모품,41140103
생활/건강,문구/사무용품,데스크용품,서류꽂이/서류받침대,44110600
출산/육아,수유용품,수유쿠션/시트,,28020400
가구/인테리어,서재/사무용가구,사무/교구용가구,학원/학교책걸상,21150900
생활/건강,화방용품,미술보조용품,이젤,38121000
스포츠/레저,자전거,자전거부품,기타자전거부품,39171702
생활/건강,반려동물,미용/목욕,브러시/빗,54020200
스포츠/레저,골프,골프필드용품,기타필드용품,40240000
스포츠/레저,헬스,웨이트기구,봉/바,39250901
생활/건강,문구/사무용품,파일/바인더,파일,44190600
가구/인테리어,DIY자재/용품,파벽돌,,32011000
생활/건강,청소용품,솔,,32141100
디지털/가전,PC액세서리,PC홀더/브라켓,,50080202
가구/인테리어,서재/사무용가구,의자,의자발받침대,21150800
디지털/가전,태블릿PC액세서리,스탠드/Dock,,53170202
패션잡화,시계,시계소품,시계보관함,18130700
가구/인테리어,서재/사무용가구,사무/교구용가구,캐비닛,21070700
생활/건강,공구,접착용품,실리콘,45110900
패션잡화,패션소품,라이터/담배용품,기타담배용품,14100700
화장품/미용,뷰티소품,타투,,20060800
생활/건강,원예/식물,조화,,55090400
패션잡화,여행용가방/소품,중대형 캐리어,,14091102
생활/건강,문구/사무용품,데스크용품,문서보관함/서류함,44110200
생활/건강,공구,안전용품,소방용품,45100101
디지털/가전,자동차기기,카오디오음향기기,앰프,42120200
스포츠/레저,축구,축구연습용품,,39190600
패션잡화,헤어액세서리,가발,여성가발,18020100
스포츠/레저,헬스,웨이트기구,복합헬스머신,39250100
스포츠/레저,스킨스쿠버,기어백,,39121200
생활/건강,자동차용품,오일/소모품,엔진오일,41140200
패션잡화,주얼리,주얼리소품,진열대,18270400
패션잡화,모자,선캡,,14050700
가구/인테리어,아동/주니어가구,서랍장,,21120800
패션잡화,시계,패션시계,스톱워치,39130100
출산/육아,완구/매트,역할놀이/소꿉놀이,모래놀이,43150200
생활/건강,주방용품,주방잡화,일회용식기,26131200
생활/건강,문구/사무용품,스티커/테이프,마스킹테이프,44060901
생활/건강,문구/사무용품,이벤트/파티용품,가랜드,43180500
생활/건강,문구/사무용품,이벤트/파티용품,풍선/풍선용품,43180700
패션잡화,패션소품,키홀더,,14121100
패션잡화,패션소품,라이터/담배용품,라이터,18130300
디지털/가전,주방가전,전용냉장고,화장품냉장고,23070300
스포츠/레저,등산,기타등산장비,,31070101
